LEFT_HAND,RIGHT_HAND,THUMB_CMC_DISTANCE_FROM_WRIST,THUMB_MCP_DISTANCE_FROM_WRIST,THUMB_IP_DISTANCE_FROM_WRIST,THUMB_TIP_DISTANCE_FROM_WRIST,INDEX_FINGER_MCP_DISTANCE_FROM_WRIST,INDEX_FINGER_PIP_DISTANCE_FROM_WRIST,INDEX_FINGER_DIP_DISTANCE_FROM_WRIST,INDEX_FINGER_TIP_DISTANCE_FROM_WRIST,MIDDLE_FINGER_MCP_DISTANCE_FROM_WRIST,MIDDLE_FINGER_PIP_DISTANCE_FROM_WRIST,MIDDLE_FINGER_DIP_DISTANCE_FROM_WRIST,MIDDLE_FINGER_TIP_DISTANCE_FROM_WRIST,RING_FINGER_MCP_DISTANCE_FROM_WRIST,RING_FINGER_PIP_DISTANCE_FROM_WRIST,RING_FINGER_DIP_DISTANCE_FROM_WRIST,RING_FINGER_TIP_DISTANCE_FROM_WRIST,PINKY_MCP_DISTANCE_FROM_WRIST,PINKY_PIP_DISTANCE_FROM_WRIST,PINKY_DIP_DISTANCE_FROM_WRIST,PINKY_TIP_DISTANCE_FROM_WRIST,THUMB_CMC_ANGLE_FROM_WRIST,THUMB_MCP_ANGLE_FROM_WRIST,THUMB_IP_ANGLE_FROM_WRIST,THUMB_TIP_ANGLE_FROM_WRIST,INDEX_FINGER_MCP_ANGLE_FROM_WRIST,INDEX_FINGER_PIP_ANGLE_FROM_WRIST,INDEX_FINGER_DIP_ANGLE_FROM_WRIST,INDEX_FINGER_TIP_ANGLE_FROM_WRIST,MIDDLE_FINGER_MCP_ANGLE_FROM_WRIST,MIDDLE_FINGER_PIP_ANGLE_FROM_WRIST,MIDDLE_FINGER_DIP_ANGLE_FROM_WRIST,MIDDLE_FINGER_TIP_ANGLE_FROM_WRIST,RING_FINGER_MCP_ANGLE_FROM_WRIST,RING_FINGER_PIP_ANGLE_FROM_WRIST,RING_FINGER_DIP_ANGLE_FROM_WRIST,RING_FINGER_TIP_ANGLE_FROM_WRIST,PINKY_MCP_ANGLE_FROM_WRIST,PINKY_PIP_ANGLE_FROM_WRIST,PINKY_DIP_ANGLE_FROM_WRIST,PINKY_TIP_ANGLE_FROM_WRIST,label
0,1,0.0740958,0.12006884,0.14268239,0.16408278,0.13738161,0.16928819,0.14272235,0.121455155,0.13582772,0.14592703,0.11030416,0.09280372,0.13444643,0.11748698,0.08053279,0.0689858,0.13362977,0.09827452,0.06868109,0.067947686,0.2810465,0.3345579,0.36903724,0.38663054,0.44626117,0.39461744,0.3583217,0.3605187,0.0,0.41780683,0.37347555,0.39468002,0.54573935,0.44771597,0.40414444,0.45006195,0.5865712,0.4965106,0.4730489,0.52591884,closed
0,1,0.07389302,0.12157457,0.14388189,0.16375272,0.1387551,0.17465453,0.14734048,0.12426479,0.13590576,0.15093827,0.11220567,0.09367205,0.13459101,0.12048483,0.080187626,0.07080002,0.13510977,0.09987097,0.06907004,0.07280175,0.28954318,0.3404491,0.37536246,0.39520735,0.44504407,0.39857334,0.36164534,0.36225456,0.0,0.4219912,0.37975502,0.40552714,0.5478968,0.4545176,0.41489008,0.46861207,0.59149253,0.50642,0.48781732,0.5447178,closed
0,1,0.07237135,0.1172657,0.13889235,0.15676434,0.13564548,0.16854946,0.14031295,0.11953435,0.13278987,0.14470993,0.10598533,0.09178915,0.13248205,0.1178776,0.07788348,0.071891345,0.13633619,0.10038844,0.06811831,0.07261385,0.2850467,0.338975,0.3788875,0.40441775,0.4407334,0.40156356,0.3636282,0.36676207,0.0,0.4277484,0.38542175,0.41778734,0.55061346,0.46341968,0.42076594,0.4772368,0.5959798,0.51895326,0.49423727,0.5481146,closed
0,1,0.08615775,0.1306074,0.15133552,0.17451565,0.13834135,0.16838886,0.14496912,0.12827621,0.12189474,0.1452656,0.1158384,0.100101665,0.10774926,0.11619132,0.08517968,0.07065444,0.10838048,0.09178346,0.06411014,0.05518398,0.33480802,0.3788259,0.41474697,0.432252,0.45001855,0.442867,0.4153522,0.40982276,0.0,0.46212277,0.42345932,0.42467788,0.55692506,0.49650016,0.44670904,0.46167126,0.6253386,0.55042446,0.5076805,0.5298268,closed
0,1,0.066289715,0.1123533,0.14005443,0.16388346,0.13337514,0.1644529,0.13512287,0.11583073,0.13428894,0.14288495,0.10239015,0.08881368,0.13706401,0.118839055,0.075131826,0.07029584,0.14185494,0.107882835,0.07355269,0.07690432,0.28069365,0.338212,0.3710366,0.39035544,0.44644237,0.40031856,0.36355227,0.37049234,0.0,0.42658398,0.38527986,0.41908306,0.54759943,0.4653342,0.431341,0.48452768,0.5900637,0.5219566,0.5077937,0.5512432,closed
0,1,0.08201736,0.1270159,0.14479521,0.16585183,0.13220336,0.16083026,0.14406544,0.12862802,0.116076306,0.14451158,0.11686699,0.10093568,0.10729359,0.11528217,0.079943545,0.065915376,0.11371805,0.09336998,0.062358055,0.056084443,0.32200608,0.37265947,0.41551948,0.439284,0.44077668,0.4399463,0.41004786,0.40934098,0.0,0.4667073,0.42447233,0.42960718,0.56331515,0.5024384,0.4458733,0.4702366,0.62876785,0.5555199,0.51202714,0.5460909,closed
0,1,0.09469291,0.145644,0.16188331,0.17109843,0.13939005,0.17062183,0.16824925,0.16444805,0.11824346,0.1487,0.1308401,0.117580704,0.0985494,0.12023682,0.09384055,0.078611694,0.09110834,0.09218397,0.06885043,0.05715335,0.35524425,0.38870177,0.42269206,0.45205346,0.45518732,0.46766222,0.45183414,0.4461958,0.0,0.48955777,0.4588398,0.45128575,0.5583595,0.5272195,0.4789756,0.46486408,0.636104,0.58263606,0.5277673,0.51071143,closed
0,1,0.04064759,0.09415745,0.14315884,0.18051493,0.14761913,0.19559085,0.1383242,0.119280264,0.15002334,0.19415379,0.1240433,0.10945245,0.14869305,0.17839447,0.107807145,0.09467502,0.14766069,0.16657415,0.11639168,0.103131935,0.31712496,0.3874863,0.42013434,0.4451401,0.4697058,0.4804769,0.46044686,0.45420188,0.0,0.5023739,0.48121065,0.48015139,0.52876776,0.5248605,0.5107204,0.5120267,0.5589782,0.5473927,0.5429965,0.5479354,closed
0,1,0.041603934,0.09683345,0.14627713,0.1836152,0.14971644,0.19567789,0.13855423,0.12071313,0.15206867,0.19634026,0.12730502,0.11298083,0.14994343,0.18066345,0.111859605,0.09955239,0.14861159,0.16724353,0.11955453,0.108153276,0.3215371,0.39172694,0.4219206,0.44615445,0.47039932,0.48048037,0.46036792,0.4541605,0.0,0.50259465,0.48250228,0.4817695,0.52843076,0.5247099,0.5111362,0.51289105,0.5585782,0.5477612,0.54317963,0.54738635,closed
0,1,0.04568199,0.113891274,0.17172603,0.21215034,0.18427485,0.24323116,0.18597522,0.15034796,0.18440902,0.24191332,0.17460003,0.14448215,0.18008141,0.23447926,0.17336714,0.14342174,0.17254534,0.21464252,0.17530772,0.15034965,0.39074916,0.44620523,0.4847755,0.5016016,0.4768357,0.48839623,0.48456326,0.47635502,0.0,0.50626963,0.5025893,0.49495462,0.52052116,0.52264184,0.5201583,0.5153743,0.5418403,0.5367022,0.53563243,0.5339594,closed
0,1,0.041785438,0.104365095,0.15647173,0.1964057,0.17344998,0.23843643,0.19208191,0.15433213,0.17757978,0.2450021,0.18545744,0.15154222,0.1766106,0.23513624,0.18157515,0.14965892,0.17185809,0.21502997,0.17959477,0.1543974,0.3894929,0.445245,0.4790368,0.49567756,0.47719663,0.48957014,0.48699656,0.48133612,0.0,0.5052286,0.5025282,0.4976303,0.52069724,0.5211453,0.51826817,0.5157571,0.5426941,0.5360046,0.5335244,0.5325476,closed
0,1,0.045949854,0.11003994,0.16828337,0.20960604,0.17273866,0.23390988,0.19390567,0.15853667,0.17729427,0.24022605,0.18642724,0.15190843,0.17516445,0.23381424,0.18505993,0.15108053,0.16813202,0.21030012,0.18033756,0.154841,0.3941786,0.44902915,0.48143578,0.49702138,0.47802636,0.48857546,0.4844789,0.47808573,0.0,0.5050308,0.5009548,0.4958535,0.51979876,0.51990217,0.51603466,0.5135242,0.54107773,0.53469396,0.5314582,0.53071094,closed
0,1,0.054939102,0.1167358,0.17570603,0.22612558,0.192469,0.25952086,0.21578439,0.17361215,0.1977588,0.26687866,0.21166445,0.17045271,0.19667192,0.2587797,0.20880483,0.16887812,0.19105071,0.2393103,0.20496626,0.17347655,0.42043784,0.45070943,0.47256616,0.4854365,0.48081267,0.48837337,0.48517504,0.48071584,0.0,0.50338227,0.5010095,0.49791545,0.51784384,0.5170156,0.514209,0.5135592,0.5367625,0.530205,0.52753544,0.52795887,closed
0,1,0.044399057,0.105424985,0.16106959,0.2103276,0.17949963,0.23177324,0.17804927,0.14533128,0.17958413,0.23426045,0.1684227,0.1397212,0.17462096,0.22137307,0.16250676,0.13522387,0.16645534,0.20236915,0.16327314,0.14043355,0.39966267,0.44676623,0.4752443,0.48818204,0.47775152,0.48779637,0.481172,0.4737752,0.0,0.50454634,0.49920562,0.4952196,0.5208225,0.5213435,0.5171085,0.5144715,0.5429387,0.53693116,0.5344334,0.5336997,closed
0,1,0.04086973,0.10360505,0.15903613,0.2033783,0.17338452,0.23127174,0.17600074,0.14131124,0.17228626,0.23005521,0.16291784,0.13360539,0.16715531,0.22017337,0.15812571,0.1292207,0.15878743,0.19891913,0.1569229,0.13252528,0.38167936,0.43990982,0.4769954,0.49165237,0.47694147,0.48678538,0.480068,0.4728116,0.0,0.50422114,0.4975962,0.49232692,0.52119887,0.5210064,0.5164522,0.5135454,0.54444563,0.5365124,0.5343054,0.5340384,closed
0,1,0.040509347,0.102518946,0.1533815,0.19122373,0.17495109,0.23052253,0.17375436,0.14026612,0.17389508,0.22999285,0.1637018,0.13618611,0.16880925,0.22128546,0.16034333,0.13304514,0.15991302,0.19872753,0.15859419,0.13580257,0.38421616,0.44196272,0.4803883,0.49754193,0.47627044,0.48777232,0.48151302,0.47329864,0.0,0.5049915,0.49950013,0.49290004,0.5212928,0.5217229,0.51840687,0.5143824,0.54410124,0.53774023,0.5361913,0.53444326,closed
0,1,0.039403666,0.10249787,0.15628505,0.19922702,0.17347488,0.22968452,0.17509921,0.14154509,0.17310654,0.23041734,0.16558842,0.13761933,0.16837049,0.22174269,0.16279143,0.13482039,0.16000086,0.19822961,0.16031809,0.13848516,0.38393605,0.44498667,0.48198038,0.49803215,0.47642943,0.48671556,0.4801994,0.47294754,0.0,0.50452065,0.49895054,0.4935511,0.5213666,0.5212807,0.51755625,0.5146706,0.54394984,0.5367688,0.5346501,0.5335796,closed
0,1,0.03954676,0.10571894,0.16249254,0.20766191,0.17401022,0.22942942,0.17323749,0.13950038,0.17380154,0.22750574,0.15981483,0.13350305,0.16938008,0.2170952,0.15411952,0.12911463,0.16234955,0.1979229,0.1547947,0.13360034,0.38868695,0.44591424,0.48096868,0.49619544,0.47685343,0.48736808,0.48035672,0.47340164,0.0,0.50503397,0.49799514,0.49290884,0.5211741,0.5211477,0.51649797,0.5138882,0.54426,0.5363244,0.5351427,0.53555447,closed
0,1,0.045514826,0.10905274,0.16312508,0.20543808,0.167223,0.2248695,0.17656188,0.14007321,0.16836096,0.22715187,0.1662471,0.13266404,0.16540672,0.2174872,0.16423076,0.132549,0.15998231,0.20090277,0.16583936,0.14072779,0.40311524,0.44784376,0.48245913,0.49859527,0.4772808,0.48624137,0.47984096,0.47277904,0.0,0.50358796,0.4973964,0.49267894,0.5206276,0.5192645,0.5142772,0.5128433,0.54329205,0.5339468,0.53073686,0.5317684,closed
0,1,0.08069097,0.16695593,0.23478049,0.27445143,0.24682657,0.33925968,0.29277012,0.24761306,0.24683802,0.34006485,0.286097,0.23885295,0.23873645,0.321207,0.27123237,0.22709756,0.22407335,0.28841504,0.2583359,0.22584231,0.45823464,0.47274506,0.47963804,0.4843732,0.49103683,0.49310076,0.48988834,0.4873356,0.0,0.49880633,0.49543676,0.49373084,0.50749326,0.5022775,0.49896687,0.49881914,0.51541173,0.5086927,0.5045208,0.50241625,closed
0,1,0.07094083,0.14421125,0.20318963,0.24995247,0.1936338,0.26183078,0.22043107,0.18227008,0.19230089,0.26705965,0.2115638,0.1734691,0.18684876,0.25323454,0.20186667,0.16717261,0.1784296,0.22704689,0.19534914,0.17098072,0.44327345,0.4650986,0.47970405,0.48924503,0.4830657,0.491691,0.48662466,0.48197937,0.0,0.50364876,0.4985282,0.4955393,0.5166097,0.5152258,0.5102625,0.5099041,0.5358039,0.5280164,0.5233628,0.5238945,closed
0,1,0.06302455,0.13607426,0.19674176,0.24103297,0.18570396,0.24828282,0.21159032,0.1798248,0.1853022,0.2537928,0.20514019,0.17097531,0.17932987,0.24030676,0.19608207,0.16414829,0.17007281,0.21595272,0.18786615,0.16393894,0.42827535,0.4586438,0.47799966,0.48847544,0.48214456,0.4896654,0.4845989,0.47980413,0.0,0.502993,0.4978891,0.49502274,0.5177663,0.51609,0.5109376,0.5101364,0.53859824,0.5305825,0.52613646,0.526775,closed
0,1,0.05318312,0.12296113,0.17499611,0.20721816,0.17824426,0.23748547,0.19244786,0.15983507,0.17474616,0.2389293,0.18563075,0.15373668,0.16629417,0.22480631,0.17524274,0.14614712,0.15463012,0.19830294,0.16641775,0.14470913,0.41721234,0.45404953,0.48552752,0.501392,0.47992352,0.48887125,0.48301855,0.47788128,0.0,0.50414,0.49783286,0.49382383,0.51921904,0.51878023,0.5133029,0.51263356,0.54223895,0.5325756,0.5290738,0.5309879,closed
0,1,0.07018946,0.14679095,0.21110356,0.26313615,0.20282376,0.25945792,0.2108851,0.17748654,0.20100595,0.25900474,0.19928707,0.16714483,0.19329713,0.24676402,0.19303478,0.16071385,0.17985345,0.22180904,0.18631269,0.16041978,0.43302733,0.461219,0.48299482,0.4919058,0.4822617,0.49076366,0.48458666,0.4792891,0.0,0.5043654,0.4981617,0.4941862,0.51716006,0.51807326,0.51230127,0.50952935,0.536948,0.53119874,0.52765095,0.5273859,closed
0,1,0.043610476,0.10973511,0.16664103,0.20986302,0.17974049,0.24073812,0.18921918,0.15391554,0.17561847,0.23646803,0.17493698,0.1446857,0.16659234,0.22411075,0.16944143,0.13939205,0.15429926,0.20171511,0.1675697,0.14280905,0.39594123,0.4482929,0.47875264,0.48779717,0.48014948,0.488273,0.48043457,0.47454464,0.0,0.50273055,0.495215,0.4926923,0.5200601,0.51837945,0.51263285,0.5125042,0.5441051,0.53526175,0.531598,0.5332897,closed
0,1,0.04180857,0.10355733,0.15589976,0.19288135,0.17462647,0.2386973,0.20047273,0.16706191,0.16913451,0.23452371,0.18005285,0.14880183,0.15869533,0.21940958,0.1692016,0.13661855,0.14509471,0.19348286,0.16333008,0.13746072,0.38708442,0.43687424,0.46235865,0.4791863,0.47994596,0.48847073,0.48014602,0.47259653,0.0,0.5024491,0.49454254,0.49063984,0.52076674,0.5183324,0.5126129,0.5119297,0.54489726,0.53603244,0.53112704,0.5308573,closed
0,1,0.038918022,0.097592734,0.14676581,0.18007803,0.17450628,0.24000236,0.20370659,0.16891597,0.1680584,0.23533393,0.18183166,0.1496849,0.1571835,0.21974263,0.17047964,0.13720483,0.14308554,0.19217533,0.16254206,0.13726774,0.37978607,0.4329095,0.45987597,0.47405797,0.4798564,0.4889959,0.48083824,0.4731361,0.0,0.5031047,0.49556923,0.49113408,0.5209212,0.5188841,0.5138818,0.51310927,0.5456735,0.536848,0.5329971,0.53349024,closed
0,1,0.04100695,0.10026395,0.14963734,0.18343821,0.17640553,0.23848903,0.19902427,0.16582388,0.1702521,0.23527068,0.18054377,0.14940128,0.1591946,0.21962333,0.16767316,0.1351514,0.14501137,0.19154882,0.15971957,0.13497199,0.38431722,0.43573183,0.4620658,0.47556934,0.4800529,0.4886164,0.48019207,0.4729623,0.0,0.5030307,0.49519494,0.4913957,0.52080816,0.51884615,0.5134944,0.51317203,0.5455798,0.53658414,0.5329665,0.5342821,closed
0,1,0.039878126,0.101337716,0.14986949,0.18279481,0.17637034,0.24188595,0.19872059,0.16637567,0.17004615,0.23701757,0.1805306,0.15206388,0.15923329,0.22215086,0.17067441,0.13991101,0.14550674,0.19381611,0.16444531,0.14093314,0.3844743,0.43688443,0.4608508,0.4743155,0.4801819,0.48900345,0.48064607,0.47398192,0.0,0.50315374,0.4952065,0.49179226,0.52080566,0.5191347,0.5135071,0.51300085,0.5451536,0.53742296,0.5331312,0.53330386,closed
0,1,0.03899824,0.09770218,0.14612728,0.17869247,0.17236643,0.2383328,0.20404269,0.17057197,0.16636471,0.23476137,0.18352118,0.15038222,0.15534851,0.21909244,0.17101309,0.13704468,0.1413129,0.18984412,0.16178732,0.13701074,0.37834132,0.43299702,0.45843935,0.47116166,0.48011458,0.488826,0.4805438,0.47295222,0.0,0.50321996,0.49557838,0.49109694,0.5208538,0.5189225,0.5136547,0.51279885,0.5456204,0.5368295,0.5327235,0.53315747,closed
0,1,0.04101549,0.1022268,0.15175577,0.18478599,0.17561689,0.23846464,0.20106204,0.1682821,0.16977228,0.23466696,0.18096733,0.15010393,0.1586929,0.21912883,0.17018154,0.1382206,0.14396635,0.19117846,0.16163842,0.1368347,0.3848418,0.43706444,0.4624837,0.47772428,0.4800744,0.48870674,0.48054296,0.47290608,0.0,0.50293165,0.4953321,0.49089426,0.52068526,0.51902246,0.5134307,0.5120687,0.5451806,0.5366555,0.53188354,0.5313207,closed
0,1,0.041528907,0.10310097,0.15329391,0.18613942,0.1750689,0.23931517,0.20190671,0.16872407,0.16918477,0.23505393,0.18219382,0.15064701,0.15830961,0.21914846,0.17075172,0.13838956,0.14436793,0.19230948,0.16328494,0.13819951,0.38721246,0.43792588,0.4620403,0.4768933,0.4799298,0.48802784,0.47974974,0.4723059,0.0,0.5023616,0.4945272,0.4903112,0.52079666,0.5183856,0.51242363,0.51125443,0.54519385,0.5360301,0.53097886,0.5305246,closed
0,1,0.04114858,0.10322073,0.15571892,0.1878973,0.17406876,0.24071081,0.20525639,0.1710649,0.16782393,0.23516351,0.18332368,0.15129192,0.1567239,0.22034545,0.17304724,0.1397838,0.14271906,0.19241777,0.16506557,0.13971227,0.3844995,0.43797365,0.46277934,0.47817793,0.48009565,0.48894373,0.48093364,0.4732612,0.0,0.5032559,0.49539137,0.4908024,0.5205653,0.51917154,0.51330036,0.51180005,0.54496604,0.5366534,0.531957,0.5317275,closed
0,1,0.040133074,0.10231104,0.15462656,0.18855825,0.17509502,0.2408884,0.20507704,0.17151666,0.16910468,0.23731321,0.18475111,0.15231064,0.15809888,0.22255467,0.17437644,0.14030454,0.14393434,0.19280735,0.16450244,0.13868934,0.38695166,0.4383594,0.4629982,0.47711253,0.48043177,0.48881224,0.4808501,0.4734284,0.0,0.50270116,0.4952378,0.4910621,0.5203694,0.5184791,0.5126963,0.5113109,0.54469836,0.53549623,0.53024197,0.52974814,closed
0,1,0.0403595,0.10032185,0.14956275,0.1817899,0.17510629,0.23932184,0.20219316,0.16845779,0.16888684,0.23382522,0.18081707,0.14925171,0.1578897,0.21841413,0.1705447,0.13877587,0.14391327,0.19014071,0.16155525,0.1377086,0.38367358,0.4360079,0.46164614,0.47571358,0.4800798,0.48912224,0.4811433,0.4737631,0.0,0.50387967,0.49606746,0.49119106,0.52066106,0.5199926,0.5142184,0.5124175,0.545163,0.5376435,0.5332238,0.5328897,closed
0,1,0.040942922,0.10011103,0.15048344,0.18419914,0.17124817,0.23824605,0.20131807,0.16777438,0.16604817,0.23305325,0.18211743,0.1501394,0.15568095,0.21831816,0.17404906,0.14160635,0.1425561,0.19022438,0.16637196,0.14286299,0.3863978,0.43538418,0.4599203,0.47618636,0.4803413,0.48850524,0.4806044,0.4736763,0.0,0.5032816,0.4960615,0.49176946,0.520712,0.5193953,0.51381713,0.5122955,0.54512835,0.5374622,0.532655,0.5321766,closed
0,1,0.041363556,0.10074741,0.14931023,0.18054952,0.17193511,0.23507841,0.19821778,0.16609831,0.16617496,0.23169817,0.17962001,0.14813331,0.15586238,0.21663374,0.16916047,0.13732311,0.14269993,0.18905082,0.16147572,0.13779598,0.3842179,0.43667826,0.46182364,0.47577778,0.4801569,0.48942408,0.48139977,0.47362962,0.0,0.5041551,0.49710447,0.4921971,0.5206245,0.52029276,0.51571894,0.51444757,0.54473335,0.5373268,0.53327566,0.53288,closed
0,1,0.039075933,0.09748326,0.1481509,0.17672022,0.1671604,0.23417567,0.20033634,0.16721335,0.16108754,0.2306329,0.18092099,0.1482579,0.15044853,0.21399145,0.16881795,0.13548562,0.1374346,0.18719642,0.16063376,0.13496129,0.37531316,0.4329219,0.45987272,0.47512165,0.4807239,0.489164,0.48080486,0.47287428,0.0,0.50347054,0.4959926,0.4912783,0.5205644,0.51920515,0.5137796,0.51251286,0.5451962,0.5362313,0.5315084,0.5316568,closed
0,1,0.040367115,0.10142747,0.15121676,0.17910407,0.17381868,0.23670541,0.19861571,0.1653844,0.1669516,0.23320073,0.18117721,0.14967263,0.15528852,0.21650496,0.16884592,0.13673162,0.14097302,0.18788669,0.15992972,0.1362813,0.38430807,0.43690428,0.46271193,0.47694436,0.48004857,0.48880476,0.4808699,0.47331956,0.0,0.5036363,0.4961784,0.4915496,0.5208634,0.51958686,0.51439404,0.51328796,0.5457965,0.53727204,0.53367025,0.534576,closed
1,0,0.04587442,0.10826526,0.16059631,0.18871096,0.17097358,0.23464142,0.18624935,0.15182655,0.17306736,0.24685755,0.18652691,0.15588945,0.17054498,0.2406535,0.18109593,0.1500818,0.16413487,0.21515241,0.17555787,0.15052728,0.6411093,0.5836845,0.55454636,0.53921455,0.51982296,0.51457214,0.5288599,0.53376687,0.0,0.49984568,0.51214254,0.5098367,0.47975415,0.4852958,0.49415913,0.49036148,0.45559433,0.4685293,0.47481087,0.4695573,closed
1,0,0.0430888,0.109007746,0.16584289,0.1914144,0.17061463,0.23523255,0.1858001,0.15148875,0.17335741,0.24749902,0.18726994,0.15667988,0.17042917,0.24329972,0.18493818,0.15340796,0.1634634,0.21582133,0.1786921,0.15393226,0.64742196,0.58330077,0.55244315,0.5337953,0.51994956,0.5139953,0.52807343,0.5334962,0.0,0.49935713,0.51116365,0.50895435,0.4796199,0.48464575,0.4931426,0.48968658,0.45549363,0.46758625,0.47442552,0.47021034,closed
1,0,0.045746334,0.11022095,0.1666405,0.19504549,0.17192481,0.23370364,0.18390952,0.1495966,0.17480981,0.2468628,0.18650158,0.15600744,0.17254098,0.24249259,0.1839518,0.15244056,0.16644202,0.21650018,0.17834565,0.15312867,0.64072,0.5821755,0.55174214,0.533772,0.5197311,0.51421654,0.5277693,0.5326333,0.0,0.49947724,0.51078135,0.50850403,0.4797766,0.4849642,0.49321908,0.48956066,0.45602977,0.46833062,0.47505218,0.4707877,closed
1,0,0.04673663,0.11207006,0.1683518,0.19378954,0.17281665,0.2358332,0.18928766,0.15390965,0.17532764,0.24839574,0.1905752,0.15775578,0.17295213,0.24344203,0.18671134,0.15254617,0.16671467,0.21817242,0.18260108,0.15686049,0.6373255,0.5798272,0.5502647,0.53496224,0.5193617,0.51285326,0.52577436,0.5316578,0.0,0.49847567,0.5094153,0.50851035,0.4800305,0.4841176,0.49222422,0.48989236,0.45641175,0.46716115,0.4737678,0.47072738,closed
1,0,0.04475894,0.107710004,0.16355178,0.18896097,0.16947415,0.23379517,0.18437777,0.14950345,0.1720958,0.24573019,0.18545148,0.15410814,0.16956641,0.23970835,0.18110837,0.14914736,0.16308421,0.2142731,0.17711829,0.15257643,0.64553857,0.5851553,0.5538228,0.53489625,0.5198018,0.51349217,0.52750415,0.53308845,0.0,0.49874112,0.5104873,0.50878024,0.47979456,0.48445204,0.49280977,0.4893403,0.45572734,0.4674535,0.47389877,0.46951085,closed
1,0,0.042741124,0.104247324,0.15914,0.18076245,0.16565391,0.22285965,0.17084253,0.1407957,0.17008023,0.23495996,0.17295232,0.14946902,0.16984808,0.2338081,0.17451365,0.14937426,0.16679156,0.21411665,0.17336668,0.15082808,0.65946555,0.5948637,0.56106764,0.5403581,0.5219975,0.5159889,0.5292152,0.5324141,0.0,0.499622,0.51006824,0.5052143,0.4785007,0.48339033,0.49071348,0.48578224,0.45451167,0.465867,0.47127905,0.46617073,closed
1,0,0.04384343,0.10740698,0.16077991,0.17940275,0.16530673,0.22324012,0.1708595,0.14066075,0.16972454,0.23641282,0.17352633,0.14733177,0.16946012,0.23564158,0.1738003,0.14489485,0.16569212,0.2146591,0.17356646,0.14934662,0.6587772,0.59240717,0.5587574,0.53771263,0.52234566,0.51618075,0.52861017,0.53233176,0.0,0.49896127,0.50863403,0.5055706,0.47816968,0.4827651,0.48928484,0.4856563,0.45412582,0.4653194,0.4705004,0.46660993,closed
1,0,0.042545754,0.105115,0.16009146,0.18120597,0.1616023,0.22176279,0.17108524,0.1414775,0.1654032,0.23199941,0.17122766,0.14758877,0.16514166,0.2313107,0.17212988,0.14672455,0.16206068,0.20974934,0.16948019,0.14743143,0.66458607,0.5939629,0.55976754,0.53836745,0.52232677,0.5156395,0.52868336,0.5327266,0.0,0.4993265,0.50970894,0.50560373,0.47792462,0.48278722,0.4898984,0.4855635,0.45362622,0.4651207,0.47023088,0.46504936,closed
1,0,0.04423922,0.10745639,0.16036648,0.17999206,0.16102333,0.21647763,0.1641684,0.13914114,0.16319996,0.22311999,0.16019857,0.14080988,0.16198494,0.2212942,0.15740705,0.13501623,0.15932627,0.20010762,0.15560144,0.13690649,0.653147,0.59262013,0.56059146,0.5409617,0.52244484,0.51719284,0.52999395,0.5330841,0.0,0.50096244,0.51141834,0.50704604,0.47758478,0.4840802,0.49039516,0.48520264,0.4523003,0.4661585,0.46884283,0.4620634,closed
1,0,0.046934314,0.08784624,0.13636734,0.1710208,0.1297577,0.16513056,0.11444131,0.10148317,0.13476183,0.15719253,0.09361873,0.096024394,0.13790704,0.14898062,0.08441975,0.08744319,0.14524068,0.14306061,0.09680102,0.098284744,0.7695711,0.63943607,0.57036555,0.5539017,0.53853524,0.52780926,0.5540386,0.55529565,0.0,0.50288904,0.5373264,0.5250995,0.4682224,0.47524586,0.49843472,0.48891374,0.43907866,0.4499732,0.4564554,0.4488367,closed
1,0,0.046831537,0.09049706,0.13977772,0.17738256,0.1373411,0.17045909,0.11928049,0.10663112,0.14162956,0.16135776,0.09629499,0.1006679,0.14336118,0.15178245,0.08696192,0.09277836,0.14826038,0.14673302,0.100038216,0.10217955,0.7498255,0.6344536,0.57244855,0.55373776,0.53638315,0.5335717,0.5585215,0.5559179,0.0,0.50819385,0.5407938,0.5236983,0.46938214,0.48047978,0.5018339,0.48706326,0.4408524,0.45427924,0.4618241,0.45278543,closed
1,0,0.04435902,0.09110669,0.14082289,0.1790654,0.14167528,0.17306755,0.12176813,0.108486556,0.146877,0.16464669,0.099914655,0.10427529,0.14883779,0.1555041,0.09041329,0.09492321,0.15255474,0.14984147,0.10320183,0.104744695,0.7347918,0.62672824,0.57316494,0.5550117,0.53330666,0.5327716,0.5560351,0.55340177,0.0,0.5100823,0.54103476,0.5238716,0.47086057,0.4838445,0.50490046,0.4899574,0.44369954,0.45921797,0.46739733,0.4569803,closed
1,0,0.04331486,0.09338322,0.15122446,0.19083253,0.14252736,0.18308793,0.13070855,0.11562345,0.1450691,0.17198688,0.10461936,0.105703436,0.14353107,0.15791409,0.0935152,0.09725522,0.14545366,0.1488221,0.10272048,0.10358765,0.7342162,0.6119144,0.55886185,0.54647297,0.5324162,0.5246005,0.54234,0.54426175,0.0,0.5027901,0.5272818,0.5189302,0.47223297,0.47930813,0.49576044,0.48861402,0.444826,0.4559996,0.45927095,0.45164227,closed
1,0,0.04626289,0.12529027,0.19589601,0.24047446,0.17575793,0.21853268,0.16141725,0.14763297,0.16238883,0.19747715,0.12761334,0.124235734,0.14509223,0.16799197,0.10201313,0.101749614,0.13310656,0.14419614,0.0972495,0.09505354,0.67817116,0.5757083,0.5398348,0.5274649,0.5231044,0.5152735,0.52927023,0.53088033,0.0,0.49885872,0.51716995,0.51258296,0.4754556,0.4792222,0.4927314,0.48688397,0.44414073,0.45524085,0.45594686,0.448069,closed
1,0,0.042005256,0.12423268,0.19745393,0.2449548,0.18368746,0.22576423,0.1626516,0.14878729,0.17356052,0.203918,0.13093695,0.1318437,0.15796204,0.17320286,0.103916235,0.10563919,0.14540774,0.1526138,0.10437937,0.10145978,0.6749909,0.57490665,0.5423439,0.5315595,0.5227837,0.51962847,0.53242743,0.53116524,0.0,0.5037385,0.52159905,0.513377,0.4767839,0.48398405,0.49833542,0.4900907,0.44940513,0.46180072,0.46578857,0.45804062,closed
1,0,0.04406197,0.11181973,0.17971715,0.22654596,0.16717449,0.21654268,0.15462583,0.13728185,0.16346146,0.19650707,0.12326042,0.12514459,0.15608934,0.17334439,0.1035928,0.10819787,0.15215129,0.1567654,0.10812271,0.10800112,0.70008874,0.5865908,0.5449685,0.5334465,0.52728945,0.5161537,0.53066045,0.53439915,0.0,0.49824965,0.5184657,0.5156008,0.47465953,0.4774568,0.4915059,0.48903605,0.44805625,0.45523992,0.45740855,0.45396104,closed
1,0,0.0442115,0.108120486,0.17285036,0.21734463,0.1669766,0.20761362,0.14704795,0.13421175,0.16568021,0.19175448,0.12026944,0.123783424,0.15890357,0.17090668,0.10250921,0.10750993,0.15476158,0.15566878,0.10731586,0.108579144,0.70634186,0.5930158,0.5483891,0.5338491,0.52682,0.51989996,0.53711265,0.53658086,0.0,0.5014362,0.5241144,0.517207,0.47569567,0.48059785,0.49796656,0.492663,0.45006686,0.45972255,0.46513033,0.4596515,closed
1,0,0.04430707,0.0970677,0.15563963,0.19549905,0.14609763,0.19100629,0.13698882,0.12024989,0.14704242,0.17790602,0.111008756,0.11027396,0.14540626,0.16451141,0.097348265,0.0974781,0.14756404,0.15690139,0.10712295,0.10227421,0.7417697,0.61068183,0.55520827,0.54070085,0.53214675,0.51967967,0.537475,0.5415848,0.0,0.4991566,0.52207184,0.5165456,0.47148585,0.47554964,0.49079853,0.48637754,0.44332075,0.4528157,0.45613644,0.45101097,closed
1,0,0.043736394,0.095739126,0.15029816,0.1909993,0.1487396,0.18393436,0.13132513,0.11394432,0.15529595,0.17386279,0.11007161,0.110834114,0.15651965,0.15984078,0.098070584,0.10228497,0.15844555,0.15179102,0.10727583,0.109168895,0.7293695,0.6148055,0.5639071,0.5455658,0.5330353,0.52590525,0.54175335,0.54618347,0.0,0.50359154,0.5236078,0.51886535,0.47166604,0.47759813,0.49110776,0.48931774,0.44425032,0.45234627,0.45579207,0.45426553,closed
1,0,0.044581402,0.09023994,0.14473104,0.18099211,0.13595909,0.17538194,0.12313978,0.11129557,0.13931355,0.16866042,0.101552926,0.10468995,0.14029194,0.15601873,0.09035578,0.095053926,0.14569305,0.14835435,0.10110484,0.10142347,0.7555975,0.6246094,0.5610778,0.5460109,0.5360126,0.5234384,0.5445343,0.5445971,0.0,0.49941257,0.5295415,0.52102435,0.47008005,0.47341308,0.49517158,0.48957092,0.4412729,0.45009208,0.45687166,0.45188847,closed
1,0,0.042505343,0.09160813,0.15042305,0.18970476,0.14002989,0.18272842,0.13167268,0.11745005,0.14102237,0.17316025,0.106224805,0.106510215,0.13869119,0.16243622,0.095224075,0.09461315,0.14050703,0.15073438,0.10195742,0.09821529,0.74571764,0.6121511,0.55448586,0.54070586,0.5320172,0.51844406,0.53685606,0.5401406,0.0,0.49641636,0.52287775,0.518952,0.47145316,0.4722335,0.4903536,0.48867887,0.44228473,0.4493261,0.45288,0.44863397,closed
1,0,0.041240945,0.112759374,0.18392223,0.228477,0.16497925,0.21276374,0.15450022,0.13735603,0.15508464,0.18985747,0.12049967,0.1172864,0.14087513,0.16217564,0.09504042,0.09195352,0.13092023,0.14388067,0.0942437,0.085858755,0.6966713,0.5831032,0.5423695,0.53037614,0.52492636,0.5140272,0.5274579,0.532099,0.0,0.4971112,0.5147477,0.51379293,0.47481468,0.47612733,0.48875007,0.48925254,0.44450948,0.45295194,0.45259959,0.44878876,closed
1,0,0.054990347,0.14074095,0.20425645,0.24762733,0.19302715,0.2298457,0.1766796,0.16363014,0.17190367,0.20269915,0.14320348,0.14021759,0.14521988,0.16967152,0.11354036,0.109914035,0.121192165,0.13595617,0.09447,0.08559126,0.6199048,0.57078665,0.5452467,0.53312594,0.52328753,0.52347517,0.53442544,0.53398013,0.0,0.5057269,0.5219045,0.5176457,0.47264758,0.4845999,0.50111246,0.49828324,0.43463248,0.46106234,0.4706308,0.4653098,closed
1,0,0.06187518,0.15231378,0.21438055,0.25679946,0.1845479,0.21987838,0.17262705,0.15855902,0.15893723,0.18907559,0.13741177,0.13238423,0.1319753,0.15480514,0.106602006,0.10162991,0.110304646,0.12761818,0.09291319,0.08329901,0.62394327,0.57195693,0.54542184,0.53496003,0.5248396,0.5195919,0.53354686,0.5338348,0.0,0.50085044,0.5215425,0.51807433,0.4696594,0.47609654,0.49849182,0.49754104,0.42411903,0.4477336,0.46494615,0.46761304,closed
1,0,0.04643875,0.118479975,0.18404646,0.22842179,0.17323197,0.23396939,0.17219692,0.14966916,0.16920307,0.22210126,0.14789484,0.13998756,0.16173479,0.20683244,0.13394967,0.12397169,0.15738858,0.18930301,0.13652894,0.123133786,0.66619825,0.57613754,0.54342455,0.53309184,0.52338284,0.5106562,0.5225103,0.52697384,0.0,0.4948742,0.5103432,0.5100612,0.47699973,0.47787273,0.48754963,0.48544928,0.4507095,0.4582447,0.46136186,0.45700118,closed
1,0,0.047637038,0.116215065,0.18051311,0.22422569,0.16991642,0.23024058,0.16803296,0.14409393,0.1658993,0.22039005,0.14543794,0.13435832,0.15867145,0.20209973,0.12773436,0.11562099,0.15473124,0.18485369,0.13190876,0.1187014,0.6669378,0.57879156,0.5441914,0.5339592,0.5230461,0.51143324,0.524389,0.5287877,0.0,0.49553737,0.51115453,0.51056826,0.47713634,0.47870368,0.48892412,0.4869705,0.45088044,0.45900318,0.46159324,0.45681772,closed
1,0,0.045317598,0.1130527,0.1787806,0.22041662,0.16419283,0.22386253,0.16394159,0.14079198,0.16031992,0.2148275,0.14144924,0.12948835,0.15482222,0.19792077,0.12460482,0.111390844,0.15239355,0.18250224,0.12916455,0.11361691,0.6823655,0.5827496,0.544392,0.53429216,0.5241166,0.5102696,0.5231988,0.52932477,0.0,0.49304014,0.50901264,0.5119868,0.47654194,0.47613913,0.48623073,0.48735395,0.4500616,0.4561315,0.45799577,0.4547554,closed
1,0,0.04885186,0.11201364,0.17036918,0.20896992,0.15735023,0.21699217,0.15723851,0.1341348,0.1563749,0.21372382,0.14176852,0.1283713,0.15137585,0.2022056,0.12883843,0.110471494,0.14845103,0.18349895,0.1315829,0.11398762,0.6647616,0.58019865,0.54307276,0.5328766,0.52483153,0.51400894,0.53006893,0.5357919,0.0,0.49679762,0.5149228,0.5139515,0.47607636,0.4788969,0.4912637,0.4880811,0.4499457,0.46049035,0.46609506,0.46005762,closed
1,0,0.050370045,0.11461718,0.17259847,0.21199772,0.16195029,0.22535221,0.16947404,0.1412288,0.16072252,0.21878642,0.14888217,0.1297785,0.1552019,0.20486625,0.13379978,0.111182235,0.14984494,0.18754795,0.13653328,0.11599313,0.65595096,0.5785077,0.5447427,0.5349686,0.5234857,0.51062846,0.52261317,0.5301435,0.0,0.49449402,0.50970805,0.5132471,0.4767791,0.4781138,0.48851895,0.48996788,0.4503634,0.45919678,0.46258348,0.4592297,closed
1,0,0.049112394,0.12452826,0.1950905,0.24200891,0.1826088,0.23899013,0.17593624,0.15774052,0.17598496,0.22538833,0.14892684,0.14775997,0.164552,0.20445813,0.1308486,0.12852722,0.15695487,0.18483731,0.13262646,0.12539494,0.6519273,0.57332265,0.541592,0.531079,0.5230741,0.5130088,0.524029,0.52661246,0.0,0.49572226,0.5113503,0.510523,0.47699186,0.47737306,0.48876518,0.48890942,0.45021412,0.4570335,0.4596491,0.45590913,closed
1,0,0.059969414,0.14222215,0.21126603,0.26347792,0.1995979,0.24652202,0.18566366,0.16418868,0.18929082,0.23039158,0.16080992,0.15302664,0.17426677,0.20545521,0.13840722,0.13108768,0.15963836,0.1812267,0.13352235,0.1224864,0.61312795,0.56714123,0.54256463,0.5314954,0.5199079,0.51970565,0.53198075,0.53185165,0.0,0.50526744,0.5193818,0.5131809,0.47825512,0.4888181,0.5012566,0.49490964,0.45131737,0.46993855,0.47731397,0.47039178,closed
0,1,0.043316554,0.07961418,0.10579774,0.12667619,0.0935937,0.11961574,0.086062096,0.077828035,0.09485841,0.1249392,0.08005585,0.07213627,0.09919923,0.12499925,0.07712004,0.067833185,0.11076298,0.11981837,0.08529857,0.07953622,0.27860832,0.3526823,0.40336987,0.42462027,0.44572976,0.4660073,0.4390996,0.43598562,0.0,0.5083653,0.48191795,0.47815725,0.5455448,0.54130346,0.5271331,0.5272827,0.58471966,0.573754,0.57248837,0.5748367,closed
0,1,0.045437127,0.07898173,0.10417889,0.12409665,0.09325011,0.11781009,0.083930515,0.07582491,0.09373407,0.12012701,0.07411102,0.06714207,0.097203426,0.12034509,0.070856206,0.061523713,0.10705562,0.11607469,0.08012291,0.07381296,0.23929247,0.33370206,0.39803058,0.4205472,0.44383064,0.46220845,0.4289989,0.42284968,0.0,0.50667644,0.4711736,0.46828932,0.54484594,0.5423166,0.5221793,0.52124375,0.5849465,0.575539,0.57236534,0.5749772,closed
0,1,0.042218618,0.082070425,0.11139657,0.13396262,0.10077874,0.12579364,0.0892265,0.084250085,0.1040035,0.12815206,0.079595484,0.07859622,0.10780634,0.1265032,0.07638008,0.07421867,0.115576394,0.11885485,0.083382726,0.08252738,0.25112498,0.3423854,0.3971261,0.41473305,0.45066905,0.46056575,0.43231896,0.4345482,0.0,0.4984391,0.46895307,0.47156933,0.539244,0.5305811,0.5120576,0.514603,0.5732582,0.56151253,0.5575135,0.5598383,closed
0,1,0.040139426,0.080361694,0.11006024,0.1301574,0.1018111,0.1306571,0.09433351,0.0878641,0.10475217,0.13365558,0.08457735,0.08362499,0.10853156,0.13324723,0.082583755,0.07942653,0.11699288,0.12717369,0.09167645,0.08847684,0.2698175,0.35395688,0.3943415,0.40373984,0.45272112,0.4665798,0.44309014,0.4448434,0.0,0.50355285,0.47818786,0.48222455,0.5393716,0.5346197,0.5209771,0.5235705,0.57434726,0.56408,0.5620273,0.56447965,closed
0,1,0.035959486,0.061657816,0.08298371,0.102685586,0.081931934,0.09276808,0.054835264,0.045861967,0.083481275,0.08926729,0.04223724,0.034517825,0.08606705,0.086481996,0.03826414,0.029347531,0.09311461,0.084925674,0.05148762,0.045318678,0.21154343,0.30570358,0.37042776,0.39079985,0.43759313,0.43759993,0.38276714,0.36788085,0.0,0.4831134,0.42992726,0.4108925,0.5460377,0.52670354,0.51354986,0.5168554,0.5833176,0.57310045,0.5866116,0.5925695,closed
0,1,0.031342216,0.04909185,0.061810784,0.07914632,0.058541965,0.057225693,0.030457722,0.02576195,0.058578182,0.057529226,0.015708324,0.011572375,0.06243033,0.060487945,0.018243933,0.009504762,0.0708823,0.06427082,0.038222287,0.031638462,0.18572623,0.2703005,0.3408671,0.37209147,0.42180634,0.4058871,0.30618328,0.29166672,0.0,0.47995937,0.3830179,0.2698487,0.55756533,0.5460306,0.5994811,0.711002,0.5968329,0.6072649,0.66005695,0.67813694,closed
0,1,0.035185236,0.07893445,0.11686337,0.1466727,0.12491846,0.15001988,0.11038059,0.10124269,0.13069494,0.1508749,0.10266987,0.097639516,0.133572,0.15048122,0.10268567,0.09630612,0.13630007,0.14746648,0.11273513,0.10443424,0.35510746,0.40240616,0.4267992,0.44435227,0.47019395,0.4730843,0.4571184,0.4597343,0.0,0.49858594,0.4814862,0.48390692,0.5251786,0.5223784,0.51234436,0.5148499,0.5488523,0.54184496,0.53967124,0.54292333,closed
0,1,0.044945255,0.09214296,0.13254352,0.1631212,0.131366,0.16789722,0.1361586,0.12720266,0.13415015,0.1661629,0.124765,0.11437025,0.13343117,0.16229711,0.11937345,0.10733195,0.13139562,0.15229557,0.12004515,0.10793167,0.3840267,0.4140076,0.43461835,0.44934613,0.4730522,0.47828656,0.46274036,0.45648023,0.0,0.50062996,0.48373985,0.47855482,0.5252501,0.5226384,0.5102095,0.50765324,0.55237794,0.5446632,0.53830117,0.53798074,closed
0,1,0.03897547,0.08191951,0.115646094,0.14169297,0.123428345,0.15001722,0.11495501,0.09150583,0.12694158,0.14715447,0.10675385,0.08545427,0.12664934,0.13791421,0.09857157,0.08159855,0.12469457,0.1265496,0.097424194,0.0873752,0.3075839,0.3795087,0.41323245,0.4337066,0.46373034,0.4696541,0.45610934,0.4448678,0.0,0.49477166,0.48406237,0.47960123,0.53201467,0.5209833,0.51476896,0.51554966,0.5640925,0.5463028,0.546818,0.5512252,closed
0,1,0.04105612,0.082311995,0.11514832,0.14212969,0.11708313,0.14350203,0.10418264,0.09219245,0.121464185,0.14848109,0.09798321,0.08661077,0.12450893,0.14494543,0.09284772,0.08263274,0.12950054,0.13644592,0.09917157,0.09307402,0.29031143,0.36759454,0.41619647,0.43510994,0.46224892,0.4645181,0.4404855,0.43847334,0.0,0.49562126,0.47348002,0.47499782,0.53257763,0.52052873,0.506068,0.51224715,0.564462,0.54478544,0.5400498,0.54870623,closed
0,1,0.045637127,0.08592252,0.11655182,0.13814709,0.11577122,0.1390772,0.10014371,0.08592472,0.118052036,0.1391974,0.088291354,0.0760097,0.11849847,0.13432875,0.08118898,0.06961943,0.120089754,0.12116316,0.083061315,0.07612371,0.2548122,0.35339078,0.4029029,0.42339098,0.46061847,0.46837863,0.43944827,0.4292347,0.0,0.49967995,0.4667886,0.45906582,0.5337043,0.52523106,0.50095904,0.50009227,0.5665069,0.5490137,0.5408727,0.5467683,closed
0,1,0.041560125,0.07251751,0.10689486,0.13544573,0.10118222,0.13262472,0.09190806,0.07734215,0.10470565,0.13150975,0.08012566,0.07206864,0.10668916,0.1229944,0.07007036,0.06348418,0.11095998,0.11230176,0.07401406,0.0700072,0.21519232,0.33543175,0.40456644,0.42595384,0.45688045,0.46555743,0.43635368,0.4290658,0.0,0.49650967,0.46546862,0.46512967,0.53611875,0.52056706,0.5000331,0.5069694,0.5704917,0.5500098,0.54804796,0.55894554,closed
0,1,0.034916885,0.06591345,0.10202539,0.12728196,0.107550316,0.12753463,0.08395263,0.06962355,0.11068988,0.12544705,0.070945084,0.061148424,0.11064327,0.119772784,0.06572442,0.056917626,0.11136004,0.112548694,0.07366966,0.06566429,0.21477364,0.35143462,0.4122675,0.42404643,0.4603673,0.464323,0.43707556,0.42582455,0.0,0.49375087,0.4645499,0.45803517,0.5335155,0.52136,0.50731796,0.5091911,0.5665989,0.55109686,0.5542183,0.5612134,closed
0,1,0.033875037,0.0643115,0.09524782,0.11810041,0.09163054,0.11451852,0.070659965,0.059352495,0.09382331,0.11559123,0.061261073,0.049363468,0.094139144,0.1068899,0.05155892,0.039290845,0.09779953,0.0998149,0.06085319,0.053170994,0.22600652,0.34324813,0.40301743,0.41381684,0.4520798,0.4522998,0.41959462,0.40993115,0.0,0.48828632,0.4611241,0.45229355,0.5379898,0.5209657,0.5099081,0.51211756,0.5721749,0.55966794,0.5697208,0.5767172,closed
0,1,0.041168187,0.08478341,0.123396784,0.15330671,0.12150668,0.15522212,0.11467265,0.104712814,0.12251655,0.1580767,0.107527874,0.09894604,0.120478585,0.15142722,0.10062934,0.09325607,0.11946098,0.13584462,0.100796364,0.09388421,0.34485334,0.4157643,0.44580838,0.460072,0.4758507,0.4764281,0.4559831,0.45895877,0.0,0.49565253,0.4765201,0.4844807,0.52476114,0.51360726,0.5004403,0.51304716,0.55383897,0.5328398,0.5270203,0.54053414,closed
0,1,0.061282784,0.13398293,0.18862294,0.21805018,0.18866105,0.23754814,0.20085229,0.17760684,0.1823693,0.23097755,0.19119498,0.1662998,0.17069215,0.21337542,0.1776648,0.15647908,0.15391257,0.18745536,0.1614145,0.14271878,0.39162722,0.42456067,0.4358745,0.44095555,0.49290457,0.46869546,0.45412764,0.4531678,0.0,0.46774048,0.4536376,0.45531103,0.4999362,0.46610472,0.4538708,0.4587272,0.49469623,0.46500623,0.4537684,0.45568007,closed
0,1,0.057625357,0.11526948,0.15945987,0.19416857,0.15845963,0.20818238,0.16516183,0.14549807,0.15926406,0.20657666,0.15546492,0.1357271,0.15612681,0.19357781,0.14486523,0.12610348,0.14941734,0.17400625,0.13704604,0.12065706,0.39755803,0.43180656,0.45018172,0.46023545,0.47925425,0.47329286,0.45739496,0.45704862,0.0,0.48674884,0.4728864,0.47584176,0.5190833,0.50046265,0.4893689,0.49459812,0.54036504,0.5177359,0.50874907,0.5122839,closed
0,1,0.040849548,0.095802754,0.14201303,0.17829192,0.1476284,0.19233881,0.14362171,0.12213993,0.14624064,0.18310311,0.12891044,0.11240106,0.14181119,0.16911304,0.11657983,0.10060834,0.13650683,0.14567266,0.10933674,0.09902719,0.36737952,0.4244486,0.45071772,0.4634596,0.4760417,0.4752694,0.4575151,0.4500987,0.0,0.49056187,0.4756698,0.47487676,0.52348876,0.5052959,0.4933495,0.496513,0.5492142,0.5241139,0.5177,0.52304226,closed
0,1,0.038715195,0.08679189,0.12501118,0.14921138,0.14335589,0.1649258,0.13262765,0.11735856,0.14077815,0.14817172,0.110314526,0.100589134,0.13250217,0.12959456,0.09291534,0.08431498,0.12256925,0.11246775,0.08317663,0.07444133,0.36280003,0.40570122,0.43009987,0.4420682,0.47513,0.46531618,0.4513107,0.4448802,0.0,0.4806407,0.46635994,0.46263227,0.52571476,0.5004988,0.4894147,0.4872353,0.5548319,0.5289073,0.5209651,0.5171617,closed
0,1,0.03807256,0.09716022,0.15150744,0.18898763,0.14462508,0.18434307,0.13575216,0.121907294,0.1420417,0.17577615,0.11929218,0.108506754,0.13575661,0.16447054,0.10608075,0.091425,0.12981789,0.1441447,0.101049446,0.08732652,0.348924,0.42630804,0.4578139,0.470483,0.47688907,0.4825496,0.46893856,0.4626734,0.0,0.49845228,0.48482478,0.4830688,0.5230928,0.5158918,0.505617,0.5062889,0.5501606,0.53620803,0.53404653,0.53924024,closed
0,1,0.031469036,0.08655829,0.13965598,0.17717311,0.1421324,0.17458348,0.123332076,0.10604443,0.13907719,0.16752723,0.11039296,0.10057512,0.13179204,0.15011053,0.0943166,0.08458517,0.124825835,0.13564752,0.093498565,0.082095765,0.30713555,0.41983142,0.45419344,0.46250898,0.47567093,0.47645673,0.46067923,0.45636854,0.0,0.4938352,0.47763726,0.47658712,0.5239512,0.51077795,0.4995921,0.50243026,0.550732,0.53254646,0.5306479,0.5370514,closed
0,1,0.030903293,0.07961339,0.12514998,0.1582119,0.13115686,0.16045006,0.11100417,0.09861363,0.12883532,0.15350498,0.098102264,0.09128977,0.12179098,0.13419683,0.08123533,0.07501621,0.11435186,0.12182541,0.08191956,0.072207786,0.2998456,0.41406384,0.44981387,0.4611202,0.47306842,0.47580335,0.46042565,0.45336595,0.0,0.4963931,0.48288962,0.47904712,0.5259194,0.5200204,0.5119378,0.50804245,0.5532552,0.544771,0.54723597,0.54812735,closed
0,1,0.02991397,0.08103141,0.12924469,0.16260773,0.12415274,0.15190288,0.100887254,0.09222193,0.12091931,0.14492394,0.0875114,0.08685739,0.11243727,0.12691739,0.07366443,0.07396276,0.10565415,0.10637196,0.071401976,0.07131273,0.29331478,0.4061526,0.44382748,0.45395857,0.46956834,0.47234118,0.4548217,0.45752704,0.0,0.4957166,0.47663212,0.47985277,0.52777743,0.51845616,0.50692207,0.5115442,0.55648845,0.5453528,0.54491514,0.54780674,closed
0,1,0.03486483,0.09230402,0.13883528,0.17167023,0.1316412,0.15845218,0.11294273,0.10325618,0.12828045,0.15131982,0.096783616,0.09101895,0.12038721,0.13547409,0.08135613,0.074466094,0.11300812,0.11833588,0.081012376,0.0750931,0.34067285,0.42172813,0.4491008,0.4588518,0.47466105,0.4753067,0.45877498,0.46026805,0.0,0.49633056,0.47885635,0.48313305,0.5249679,0.5169176,0.504635,0.50845265,0.5523191,0.54104507,0.53938085,0.54475826,closed
0,1,0.03550089,0.09475842,0.14163837,0.1743114,0.13255598,0.16207595,0.11425545,0.106750295,0.12933668,0.15443492,0.09808944,0.096335545,0.12301988,0.13955073,0.086146265,0.08489999,0.11839134,0.124264754,0.087845564,0.08488668,0.3585228,0.42572787,0.4500168,0.46034217,0.47579145,0.47834176,0.46305797,0.46444732,0.0,0.49766895,0.48205695,0.48701087,0.52412695,0.51841927,0.5086525,0.5119006,0.549775,0.54119164,0.54011434,0.5441742,closed
0,1,0.038228184,0.09831751,0.14512466,0.1788286,0.13767003,0.16336523,0.11568484,0.11057571,0.13500471,0.15498818,0.10023755,0.10199518,0.12682444,0.14018609,0.087188154,0.08683953,0.11989731,0.120349266,0.08559925,0.08441603,0.36225164,0.4274686,0.45028472,0.459962,0.47489396,0.47629318,0.46133557,0.46716475,0.0,0.4951256,0.47838733,0.48749992,0.52382934,0.516576,0.50432014,0.51209426,0.54876155,0.5393573,0.53566134,0.5425885,closed
0,1,0.07656601,0.14363421,0.19357829,0.2278653,0.16167347,0.20001264,0.15903614,0.14241052,0.1358329,0.17255627,0.12915918,0.118786536,0.11122167,0.14411114,0.102520674,0.09040887,0.092052266,0.116950646,0.089051515,0.07715998,0.42826033,0.44998872,0.46380177,0.470024,0.47608256,0.48938093,0.47905424,0.47484034,0.0,0.5126215,0.4973242,0.49228126,0.5321216,0.5374727,0.52447647,0.5182265,0.5798368,0.56991535,0.5637332,0.5601126,closed
0,1,0.07384503,0.1423686,0.19283861,0.22913681,0.18763956,0.2389291,0.19838649,0.1769247,0.16083898,0.20311317,0.16095923,0.14487454,0.1306043,0.1637863,0.12579578,0.109714516,0.10356207,0.12702283,0.10217035,0.08898068,0.43505332,0.45128268,0.46405548,0.47307944,0.48159033,0.4831602,0.4721772,0.46730548,0.0,0.4970372,0.4817717,0.4778949,0.5258495,0.51479673,0.49904677,0.4981793,0.56692135,0.54333866,0.5323798,0.5357874,closed
0,1,0.081347376,0.15842564,0.20229097,0.21537183,0.2126052,0.26952282,0.23456524,0.20020872,0.19408691,0.23591706,0.19425136,0.16199695,0.17363961,0.20896041,0.16964786,0.14102876,0.15125062,0.18466045,0.15469624,0.1311296,0.47792023,0.48351172,0.49317577,0.5020593,0.48789674,0.49751866,0.503582,0.5035943,0.0,0.5101913,0.51370996,0.51036143,0.5110351,0.5187502,0.52086604,0.517579,0.5220278,0.52464455,0.52801895,0.5257063,closed
0,1,0.077308014,0.1554378,0.20851065,0.22436978,0.18894371,0.23955208,0.2024116,0.17575797,0.16117606,0.19555993,0.15732488,0.14076017,0.13357851,0.16205463,0.12852146,0.11316095,0.10834634,0.131669,0.108533196,0.096118286,0.43512627,0.45376584,0.4680306,0.47943914,0.4821761,0.4876845,0.48377568,0.47741947,0.0,0.5024852,0.49356854,0.4843236,0.52084035,0.5164091,0.5059945,0.49851894,0.54847074,0.53394496,0.52682555,0.52112013,closed
0,1,0.061500736,0.13060069,0.18240911,0.22205688,0.16720732,0.21501759,0.17371558,0.1520269,0.14846608,0.18882485,0.14296953,0.12497345,0.12643433,0.15938134,0.117450364,0.10105657,0.10461279,0.12720314,0.09823428,0.08341697,0.42235944,0.45052528,0.4664761,0.4773002,0.48296788,0.48281372,0.47204012,0.46839714,0.0,0.49580118,0.48418,0.48477492,0.5225665,0.51011056,0.5000207,0.5042632,0.55613214,0.5313943,0.52514493,0.5339432,closed
0,1,0.053613413,0.12487458,0.17586328,0.2072111,0.1540484,0.19042204,0.15070511,0.13196965,0.13113123,0.16197568,0.11754748,0.10257094,0.10656513,0.13025586,0.0891597,0.07578179,0.08643333,0.10041451,0.07242238,0.06096912,0.40401778,0.44371116,0.4629544,0.4749408,0.47780478,0.48406312,0.47199678,0.46553132,0.0,0.49992374,0.48334828,0.48006046,0.52932984,0.51809406,0.5039292,0.5056184,0.5740639,0.54731214,0.54260415,0.5535148,closed
0,1,0.054860927,0.124602295,0.16886276,0.20509426,0.15327698,0.1815963,0.14518175,0.12743692,0.13783544,0.15780382,0.11337377,0.104241125,0.11667016,0.12582156,0.08614353,0.08083495,0.09581867,0.098316796,0.07260905,0.068899624,0.40944088,0.4437865,0.45749387,0.464998,0.47847992,0.47225845,0.46205115,0.4646431,0.0,0.48582423,0.47461802,0.48353115,0.52744657,0.5044553,0.49684638,0.51194924,0.56591356,0.5328747,0.5328153,0.5552113,closed
0,1,0.057870314,0.12708613,0.17176165,0.20555866,0.15721042,0.18375601,0.1449416,0.13003631,0.143422,0.15897627,0.11693918,0.10950786,0.12159127,0.124273196,0.09042314,0.085248604,0.09986704,0.09691905,0.0756875,0.07093036,0.4115083,0.4384007,0.4495219,0.455862,0.47950143,0.46456644,0.4529995,0.45995316,0.0,0.47671467,0.46389776,0.47680473,0.52406895,0.49476787,0.48319864,0.5019883,0.55611014,0.5246236,0.5181346,0.54163283,closed
0,1,0.060363673,0.12820573,0.16911834,0.20320535,0.15663995,0.19172563,0.15169717,0.13228907,0.14227867,0.16342354,0.11857496,0.10637147,0.120539114,0.13086338,0.09209291,0.08145661,0.09832524,0.104995996,0.08096137,0.07151343,0.41845286,0.44168562,0.4524221,0.4559239,0.479529,0.46293026,0.4498608,0.45302656,0.0,0.4740617,0.46014196,0.47171,0.52498233,0.49176088,0.48305044,0.50513077,0.5612099,0.5222908,0.5166038,0.5408885,closed
0,1,0.057511926,0.1196936,0.15805705,0.19006738,0.15136978,0.18534781,0.14688908,0.12954849,0.13911799,0.1592006,0.11593889,0.10671118,0.11855327,0.12861788,0.08895176,0.08041154,0.09595856,0.10259404,0.07719798,0.06806751,0.4126926,0.4344579,0.44309694,0.4480474,0.47985178,0.45767328,0.445192,0.45097837,0.0,0.46660587,0.4542337,0.4696643,0.5223541,0.48197874,0.47423178,0.50004065,0.5518397,0.50765437,0.5031921,0.53212965,closed
0,1,0.05098291,0.090439014,0.10555272,0.106398426,0.092016295,0.1093732,0.09274704,0.08209326,0.08276766,0.09655939,0.0748148,0.06341275,0.07980013,0.085342266,0.061369047,0.049798697,0.08368354,0.079931624,0.059880175,0.051268615,0.31919873,0.3516923,0.3877767,0.4209397,0.44546247,0.42946357,0.4044246,0.40069854,0.0,0.47578317,0.44521162,0.44358364,0.55713886,0.52433395,0.49671566,0.5031693,0.61371875,0.5758565,0.5603782,0.56940943,closed
0,1,0.04548345,0.080467924,0.096614815,0.10907448,0.07694575,0.09626298,0.09259855,0.08794193,0.069254525,0.08668831,0.07392427,0.06260254,0.06976497,0.07745611,0.06012124,0.04785038,0.07868037,0.07427662,0.058566958,0.050233517,0.29752427,0.33844817,0.38004473,0.40484455,0.43480483,0.44664487,0.42272595,0.40179685,0.0,0.47965914,0.44952002,0.4359941,0.56624544,0.52812976,0.5013985,0.49489036,0.62707233,0.586654,0.56985813,0.57238877,closed
0,1,0.045969184,0.08102703,0.10039507,0.11702894,0.08298242,0.09980611,0.08280162,0.07379449,0.074145585,0.08956074,0.06716425,0.05725287,0.0732172,0.08480294,0.0618618,0.05107819,0.08103875,0.08876685,0.07126836,0.062081423,0.32578987,0.36329472,0.39549178,0.40925238,0.44202736,0.45739037,0.4339474,0.41652092,0.0,0.5073915,0.48433182,0.46886712,0.5609713,0.5573138,0.54411125,0.5383171,0.6177932,0.6056042,0.60349816,0.6052884,closed
0,1,0.041501306,0.071685486,0.089904755,0.10332168,0.071420655,0.087402575,0.07180577,0.065093614,0.064214975,0.08016228,0.05935431,0.05137242,0.0654682,0.081217825,0.058654413,0.04894187,0.075364575,0.08737543,0.07048677,0.061735023,0.3167431,0.3576084,0.3910233,0.4100624,0.4352774,0.45462024,0.4333332,0.41720185,0.0,0.512288,0.49254218,0.47853622,0.56613237,0.567939,0.5605731,0.5557231,0.6230094,0.61406994,0.61642843,0.6192099,closed
0,1,0.035754252,0.06187217,0.074567005,0.08337687,0.049736742,0.06169813,0.050984383,0.04536131,0.0433266,0.05366932,0.035909247,0.030304242,0.048818447,0.05800341,0.038895834,0.03315756,0.06340822,0.071777634,0.060850795,0.05877786,0.24998488,0.30961627,0.35300907,0.37586918,0.40754738,0.40986013,0.37382087,0.36633015,0.0,0.48599187,0.4487647,0.449828,0.58353895,0.56082046,0.55486345,0.5728087,0.6401155,0.62297887,0.6330999,0.64749324,closed
0,1,0.033573974,0.06105229,0.0735139,0.08305607,0.05587455,0.06557943,0.051134996,0.04687625,0.053610858,0.06338379,0.03974759,0.03668222,0.060017783,0.06509636,0.03949938,0.035371255,0.07353503,0.07618607,0.05698416,0.052332163,0.2604145,0.312107,0.3578865,0.384666,0.4186584,0.42002818,0.38022274,0.37148458,0.0,0.4960623,0.45960486,0.44939995,0.5688302,0.5603791,0.55050135,0.5435655,0.61870664,0.6124918,0.61731416,0.6147988,closed
0,1,0.034975108,0.06637567,0.08209518,0.09118886,0.08334852,0.08548093,0.061950527,0.05350417,0.0694937,0.070705764,0.04850871,0.04750855,0.055316743,0.053979877,0.036309257,0.0372146,0.04372695,0.040571798,0.029138915,0.029920138,0.62456256,0.5808225,0.5477263,0.5344317,0.5339591,0.5288573,0.5304175,0.5318997,0.0,0.49801123,0.49878877,0.5039253,0.46043795,0.45950952,0.45217505,0.45709154,0.3998807,0.40626678,0.378264,0.38321915,closed
0,1,0.030949732,0.052962158,0.066050656,0.07462972,0.059419397,0.064871356,0.05161969,0.0465008,0.061811835,0.063296,0.04022774,0.040963594,0.06877583,0.06582366,0.042310957,0.043636292,0.0801718,0.07565525,0.057793066,0.056110363,0.25352645,0.30946532,0.3546087,0.3845718,0.43464816,0.41421267,0.3780154,0.39119777,0.0,0.48511517,0.45025373,0.46664602,0.5560492,0.5435132,0.5368676,0.54479474,0.60193676,0.59459853,0.6026101,0.60474324,closed
0,1,0.029301496,0.05161317,0.06613138,0.07600282,0.06567483,0.066576175,0.053651102,0.050469995,0.07565753,0.06863855,0.044993814,0.046674423,0.084979035,0.07529079,0.049322914,0.052024025,0.0944283,0.084486134,0.062539,0.061575215,0.23171557,0.28453678,0.33182004,0.3694667,0.4499133,0.40796465,0.36401543,0.38691518,0.0,0.45930654,0.41540962,0.44812274,0.5362267,0.5130725,0.49546435,0.5109951,0.5686856,0.5589136,0.55683357,0.55858326,closed
0,1,0.06810948,0.11619428,0.14556456,0.15220702,0.12509517,0.15089747,0.13260205,0.12047956,0.10736153,0.12789653,0.110061385,0.098598525,0.092198506,0.10740674,0.093202434,0.084216006,0.082612105,0.09077418,0.081097215,0.07495681,0.42049322,0.4327976,0.4448939,0.46157932,0.46696922,0.46864703,0.46298409,0.46058336,0.0,0.49507225,0.48610342,0.4824905,0.5391609,0.5252815,0.5135046,0.50946903,0.585646,0.56205684,0.5551917,0.5553694,closed
0,1,0.040606115,0.09083603,0.14392704,0.18646131,0.11941118,0.17923327,0.16145806,0.14278047,0.11752671,0.17362076,0.15417174,0.13334118,0.11622515,0.16365992,0.14518757,0.1267077,0.11782952,0.15703867,0.15138568,0.14156377,0.49940172,0.4867202,0.47047094,0.4590352,0.50730765,0.46744534,0.46474814,0.47313842,0.0,0.4613804,0.46122158,0.4740372,0.4890231,0.46050847,0.46302208,0.4774703,0.47733313,0.45921943,0.45953792,0.46729457,closed
0,1,0.066311985,0.1098756,0.13824458,0.1509101,0.11342671,0.14992955,0.13274279,0.115575135,0.096369594,0.13162422,0.109554715,0.09153335,0.08382047,0.108816914,0.0852235,0.06888119,0.07861214,0.0885103,0.07109317,0.059831124,0.38349554,0.40453827,0.418632,0.43637252,0.46305487,0.45434073,0.43241653,0.43236685,0.0,0.47249112,0.4473613,0.4546044,0.5478515,0.49440092,0.470936,0.48993886,0.6067798,0.53299165,0.5133468,0.53782326,closed
0,1,0.06374592,0.110962406,0.15200555,0.17226054,0.12390313,0.16249625,0.1494215,0.13423666,0.10407412,0.13824281,0.11988211,0.0995657,0.08800052,0.11416468,0.09717253,0.07915018,0.078169815,0.091794014,0.081347965,0.069881454,0.40637937,0.42877045,0.43758303,0.45080858,0.46641397,0.46104786,0.45602506,0.45295417,0.0,0.48127422,0.47287807,0.4717163,0.54489154,0.5094305,0.49919927,0.50074327,0.6032961,0.5533187,0.5420142,0.54387146,closed
0,1,0.08206787,0.13998033,0.18066086,0.20453659,0.14140214,0.18163776,0.18166241,0.17976177,0.12013131,0.154497,0.15163027,0.14376101,0.1017349,0.13016671,0.11858603,0.10769187,0.0906564,0.10547375,0.09691323,0.08688716,0.40098864,0.423087,0.4395666,0.45459384,0.46287075,0.46662715,0.4615041,0.45848605,0.0,0.49135816,0.47729746,0.47030258,0.5418303,0.518624,0.5006927,0.4901534,0.5865056,0.55360144,0.53817,0.5326392,closed
1,0,0.059558883,0.13364197,0.1867599,0.21262008,0.15936983,0.21731031,0.20798871,0.20047726,0.14264075,0.19464941,0.18027964,0.16224037,0.12536596,0.18066569,0.16348207,0.14600128,0.11299812,0.16100334,0.1482199,0.13028425,0.46449196,0.48898968,0.50798583,0.5203934,0.48273543,0.50556546,0.51463974,0.5146186,0.0,0.52307546,0.52497977,0.5197828,0.5211814,0.53255373,0.5342733,0.5273897,0.5403244,0.53888214,0.54019076,0.53512263,closed
1,0,0.063634224,0.12652412,0.16503562,0.18216316,0.12774779,0.15128896,0.12760012,0.114259444,0.10246308,0.12249926,0.093138844,0.08698992,0.084135845,0.09513951,0.06552515,0.061133604,0.084143944,0.08443586,0.062383763,0.062153395,0.36581036,0.3992169,0.41823366,0.43817216,0.45538902,0.46342176,0.44136685,0.4392929,0.0,0.49806625,0.46479112,0.4677089,0.56709313,0.54704374,0.519563,0.5376911,0.65250874,0.62251765,0.61557746,0.63838077,closed
1,0,0.09736981,0.16545792,0.19975868,0.2156456,0.1695738,0.18928802,0.16557647,0.1550591,0.13549967,0.15001948,0.12777902,0.121499605,0.09985406,0.11231271,0.09288648,0.08646526,0.07404013,0.07915273,0.06537795,0.059440028,0.41847014,0.44486243,0.46678817,0.4835597,0.4735097,0.4912347,0.4797746,0.46979374,0.0,0.5149084,0.49304667,0.48339257,0.5400959,0.5455473,0.5170621,0.50785875,0.6126079,0.5944195,0.5707192,0.56692016,closed
0,1,0.054782037,0.090055086,0.11450606,0.12733668,0.0903248,0.10761226,0.09560636,0.08362617,0.07157434,0.086970925,0.07171674,0.06421641,0.055354316,0.06886372,0.053271234,0.04546953,0.044678595,0.05565513,0.044284176,0.037402265,0.4301962,0.44426173,0.45596784,0.46634406,0.46732435,0.48280665,0.4814639,0.48063725,0.0,0.51968765,0.5077796,0.49884894,0.54737014,0.5603954,0.5464182,0.5398609,0.6227462,0.6077548,0.6021688,0.6033309,closed
0,1,0.04622915,0.090037644,0.13226254,0.15895268,0.09061517,0.1330221,0.11741794,0.10321851,0.08762704,0.13168663,0.11554485,0.09969249,0.08496792,0.12356165,0.11027733,0.09655175,0.08318194,0.11644983,0.10725658,0.09321523,0.3923898,0.40077794,0.4005052,0.40856242,0.5055989,0.4403303,0.4236369,0.4286907,0.0,0.43995586,0.42374232,0.42860156,0.48288685,0.43817738,0.42394888,0.43240318,0.46818265,0.4345899,0.42327425,0.43132472,closed
0,1,0.05213548,0.0904568,0.11733302,0.13523677,0.10079926,0.12506261,0.10746639,0.098748624,0.082553945,0.10474485,0.08529336,0.07777935,0.06754508,0.08372069,0.06475821,0.057135064,0.059705406,0.069756694,0.054776505,0.047823925,0.4121781,0.42890078,0.44419634,0.4554836,0.46725821,0.47415796,0.45907408,0.45475096,0.0,0.5012533,0.4817303,0.4768426,0.5462166,0.537322,0.51855844,0.521111,0.61478883,0.5865863,0.5776077,0.58656305,closed
0,1,0.048332397,0.09278511,0.11865375,0.13141106,0.101949275,0.123768054,0.099607095,0.0910223,0.078841895,0.09804783,0.075105555,0.07070468,0.060476303,0.07584598,0.053625055,0.04795043,0.05203691,0.060515422,0.04404179,0.038994882,0.3923569,0.42638767,0.44496474,0.457267,0.46458885,0.4722238,0.45745775,0.45278737,0.0,0.5019717,0.47803083,0.47207373,0.55334437,0.5399354,0.5170033,0.5193573,0.63053304,0.5917888,0.5849793,0.59951335,closed
0,1,0.040504575,0.07718473,0.094821684,0.09236707,0.08577396,0.105045296,0.09253821,0.08268209,0.06618486,0.07862209,0.06360489,0.055528425,0.052647453,0.055663187,0.041269016,0.034904722,0.053119615,0.04505541,0.03286576,0.03157744,0.37062186,0.3950501,0.4103492,0.42749602,0.45191154,0.43965748,0.41498762,0.40390486,0.0,0.4653083,0.43145448,0.42490438,0.5759425,0.5101057,0.47509325,0.4859281,0.66881245,0.5982676,0.5911359,0.6257928,closed
0,1,0.065532655,0.12104357,0.15977024,0.18101934,0.14965545,0.18637905,0.15855077,0.13661928,0.12912518,0.15757862,0.13081096,0.11334524,0.10729877,0.1316555,0.10893356,0.09239718,0.08611755,0.10643833,0.0913749,0.07846684,0.46985048,0.48450592,0.4953216,0.50342757,0.48324224,0.5034231,0.5131236,0.5093095,0.0,0.5218517,0.53084606,0.52229035,0.5240207,0.542558,0.55082345,0.54439265,0.5606231,0.57365954,0.5811111,0.57551354,closed
0,1,0.072000034,0.13393858,0.18152882,0.2054947,0.14562224,0.18984489,0.17313255,0.15711023,0.12367254,0.15799546,0.14120536,0.12339886,0.10387444,0.13327391,0.11920134,0.10360159,0.09017526,0.109654956,0.101164535,0.09064194,0.42893192,0.45546937,0.46896034,0.47924364,0.47420794,0.48855314,0.48813573,0.4843715,0.0,0.50673664,0.4993298,0.49492887,0.53299814,0.525347,0.5151569,0.51048195,0.5698769,0.54640424,0.53540117,0.5308031,closed
0,1,0.09514999,0.16501577,0.2146608,0.2381866,0.14847058,0.21310171,0.19820397,0.17913948,0.12812753,0.18977699,0.17666827,0.15571865,0.1106242,0.16006415,0.14974529,0.13074142,0.09644135,0.13019875,0.124042355,0.10933729,0.38396668,0.41125983,0.42750263,0.43978676,0.4704954,0.45108595,0.43617514,0.43041566,0.0,0.4628969,0.44564372,0.44173673,0.52339274,0.47290418,0.45404133,0.45049047,0.5389779,0.48626804,0.46745408,0.46557793,closed
0,1,0.06914565,0.13605791,0.18565185,0.22427599,0.15700088,0.2042292,0.219216,0.2235886,0.1271268,0.16908057,0.17241372,0.16697633,0.08990792,0.121957906,0.12680219,0.12423498,0.049603146,0.07932799,0.09079208,0.09542201,0.53663117,0.53793484,0.54453963,0.55123985,0.5057483,0.5289229,0.5448374,0.55537874,0.0,0.5413991,0.5688556,0.58757246,0.49826795,0.54948336,0.5813881,0.60285467,0.50483894,0.5645361,0.59218335,0.6086432,closed
0,1,0.07817181,0.14588174,0.19580033,0.23183472,0.16497403,0.1967234,0.20380495,0.20481502,0.13336961,0.16309255,0.16116971,0.15671267,0.09428635,0.11866208,0.116602786,0.11007946,0.052285284,0.07008405,0.07477154,0.07548782,0.58180237,0.5668263,0.5624749,0.5663607,0.51575464,0.5424743,0.56362975,0.5784073,0.0,0.5419061,0.5736246,0.59428906,0.48008844,0.53630674,0.57428986,0.59887856,0.43888354,0.5258237,0.5739582,0.6011086,closed
0,1,0.036609534,0.07546913,0.11023556,0.13782713,0.10706541,0.14025779,0.10086024,0.08982375,0.10778198,0.14165358,0.09141424,0.08213384,0.10706823,0.13452172,0.08287687,0.07517331,0.10999677,0.12434343,0.088459805,0.08324285,0.2946895,0.3875623,0.4277561,0.4494937,0.46659252,0.47426298,0.44846058,0.44748706,0.0,0.501706,0.47553974,0.4801463,0.5330407,0.5254449,0.5072067,0.51695806,0.56812924,0.5503865,0.5447934,0.5564892,closed
0,1,0.034199707,0.061635442,0.09581506,0.12384217,0.101701654,0.13817734,0.10082546,0.08057456,0.10266158,0.12518045,0.07468369,0.06156386,0.101505645,0.114928424,0.0658104,0.05678591,0.10128592,0.10642146,0.0688291,0.059867993,0.22052956,0.34982112,0.41738304,0.43918422,0.4629629,0.4695845,0.44695604,0.43104455,0.0,0.49372703,0.46812,0.46201843,0.5324139,0.51739585,0.504879,0.5083815,0.5649635,0.54509246,0.54537624,0.5511465,closed
0,1,0.03239736,0.061180968,0.09278747,0.116000235,0.096774615,0.12131991,0.07567164,0.061174158,0.096210025,0.11213907,0.058957227,0.051300444,0.09500407,0.10376975,0.052082524,0.045895427,0.09748865,0.09910088,0.062467657,0.057591442,0.22217865,0.3515994,0.41602132,0.42691818,0.45931792,0.4596569,0.42699856,0.42049837,0.0,0.48839375,0.4553595,0.4567997,0.53434104,0.51578444,0.5019622,0.51354873,0.5678192,0.5482196,0.5557367,0.5696181,closed
0,1,0.026724398,0.050312303,0.06687064,0.07796166,0.06992675,0.0774682,0.04165852,0.031953778,0.068986446,0.07351835,0.03174888,0.02028487,0.069608115,0.06882645,0.028352292,0.0141302915,0.07285116,0.06779761,0.042109262,0.033827405,0.24195513,0.3247526,0.36180198,0.36480168,0.44110104,0.45402378,0.39778933,0.34509185,0.0,0.4978757,0.45463556,0.39158067,0.5483113,0.5455191,0.55393875,0.556383,0.5894448,0.590677,0.62223953,0.63957644,closed
0,1,0.037523005,0.07596337,0.10855946,0.13337946,0.10958086,0.14001983,0.103530325,0.08510692,0.11344249,0.13797073,0.094429485,0.07725765,0.11533305,0.12714167,0.08520402,0.06979105,0.116125986,0.11786277,0.08716457,0.07592644,0.32039487,0.39227048,0.4333451,0.4551814,0.46878985,0.47398305,0.45590243,0.44569263,0.0,0.49682766,0.48021358,0.4727345,0.52681524,0.51689595,0.50476354,0.5025988,0.5532246,0.5388099,0.5354057,0.5387447,closed
0,1,0.026339676,0.057308808,0.087289296,0.10993162,0.096543156,0.12193197,0.08399036,0.06509954,0.097645886,0.11217393,0.06810569,0.05359941,0.09765258,0.10544411,0.06470618,0.05148959,0.09997175,0.10442902,0.07427828,0.061706442,0.29046,0.38408777,0.4272192,0.4462062,0.46217248,0.47072637,0.4510837,0.43396342,0.0,0.4940581,0.47571588,0.46591997,0.5330746,0.5209115,0.5141603,0.51315606,0.5655308,0.55102676,0.55159557,0.55406505,closed
0,1,0.026025655,0.05147919,0.07821032,0.0999029,0.08084965,0.10656993,0.06766442,0.05866045,0.08184292,0.09718871,0.051426943,0.0512001,0.08248385,0.089773074,0.047366444,0.04929375,0.08540051,0.08918252,0.059379715,0.056028206,0.24257253,0.35727793,0.41871178,0.43697664,0.45843625,0.4747466,0.4442293,0.4326495,0.0,0.50111777,0.46742123,0.4657428,0.53449154,0.532335,0.5191121,0.51375073,0.5657928,0.5616124,0.5650584,0.565491,closed
0,1,0.02608368,0.054001823,0.08477284,0.10799862,0.083313905,0.109468505,0.07661351,0.06661435,0.08540303,0.10459165,0.06296457,0.06108219,0.08645496,0.09486268,0.05497977,0.054132305,0.08932024,0.0922718,0.06306472,0.058629245,0.248231,0.3742207,0.42969474,0.44883794,0.46526697,0.47963753,0.45906964,0.44995525,0.0,0.5047469,0.48143142,0.47808146,0.530569,0.5305914,0.51724994,0.51126295,0.55913484,0.55661,0.55529255,0.5517645,closed
0,1,0.024928503,0.05854002,0.08925656,0.11288588,0.090553105,0.11398822,0.08182485,0.07335747,0.09321518,0.1090535,0.07044029,0.06930387,0.09376851,0.10558172,0.06853157,0.06604964,0.0956229,0.103466175,0.07818635,0.07356221,0.3117109,0.3948485,0.43221685,0.45075592,0.469649,0.47917825,0.4619095,0.45821494,0.0,0.50266504,0.48454434,0.48687327,0.5274541,0.52480245,0.5141098,0.5148838,0.55400246,0.5458589,0.5415244,0.54288805,closed
0,1,0.025047306,0.058505826,0.09017323,0.11393001,0.09105448,0.11513573,0.08113863,0.07309038,0.09411479,0.11031802,0.06979363,0.06975485,0.09479901,0.10359245,0.06436241,0.063671775,0.0958941,0.09772263,0.06978007,0.06680274,0.30613065,0.39488187,0.43583128,0.45136437,0.4693283,0.48028788,0.45984575,0.45609644,0.0,0.50300163,0.4814822,0.48392034,0.52730525,0.52508014,0.51179326,0.5124312,0.5537046,0.54607075,0.5423767,0.54471284,closed
0,1,0.024428276,0.05767002,0.08948572,0.11465086,0.093425274,0.11484292,0.08128742,0.07299404,0.0982744,0.111782424,0.07129735,0.069001056,0.10003881,0.1048599,0.06467342,0.060795456,0.101408966,0.09709576,0.06793254,0.06332607,0.3139161,0.3977919,0.43429616,0.45180267,0.46920767,0.4797282,0.46038598,0.45584533,0.0,0.50315976,0.48290226,0.48287025,0.5269974,0.5259265,0.5123562,0.5096886,0.55272686,0.5466522,0.5415278,0.54052097,closed
0,1,0.025783593,0.059344605,0.090459876,0.11444339,0.09119858,0.11502212,0.081634946,0.07232918,0.09419974,0.11115005,0.07122143,0.06758163,0.095243126,0.103568524,0.06415282,0.059491944,0.09675139,0.098341554,0.06967262,0.06344527,0.3134746,0.39678642,0.43506134,0.45201585,0.46958363,0.4809532,0.46192914,0.45612654,0.0,0.5041535,0.48445112,0.48250985,0.5271481,0.52611667,0.5134208,0.5090484,0.55361354,0.5471325,0.54451334,0.544912,closed
0,1,0.025188342,0.059517745,0.091168255,0.11533153,0.09291143,0.11452062,0.080832005,0.07367542,0.097469956,0.109531894,0.069651544,0.06994343,0.09949317,0.10151375,0.062592156,0.06187712,0.1019976,0.094947174,0.0662004,0.063557796,0.30313388,0.3936335,0.4352296,0.45287696,0.4690717,0.4799225,0.46063972,0.45801005,0.0,0.5033929,0.48257166,0.48338178,0.52686137,0.5266238,0.5131777,0.51022303,0.55227244,0.547839,0.5448625,0.5447483,closed
1,0,0.04241854,0.09204244,0.1411113,0.18152453,0.14446467,0.19189234,0.14377366,0.117825225,0.15056385,0.20067061,0.14110236,0.11924239,0.15366039,0.20378374,0.14038858,0.114995144,0.15477973,0.19414556,0.14699757,0.123087674,0.6747734,0.60475975,0.56408125,0.54172236,0.5272853,0.52306116,0.5415803,0.5474118,0.0,0.5022417,0.5180967,0.5156715,0.47441402,0.4818988,0.4918947,0.48804474,0.4471507,0.4618539,0.46620572,0.46052128,closed
1,0,0.04532407,0.090654664,0.12850976,0.15836571,0.1324402,0.1837295,0.15280156,0.12657574,0.14026459,0.1889184,0.14670695,0.12181865,0.14672041,0.18842278,0.1447378,0.12002231,0.15012574,0.17652099,0.14817296,0.13267867,0.6649437,0.6063089,0.5743604,0.5490668,0.52982295,0.51740354,0.53069144,0.54366237,0.0,0.49602336,0.50667214,0.51280016,0.4711335,0.4776552,0.48403835,0.4844132,0.4445486,0.45708877,0.46026978,0.4556259,closed
1,0,0.03491502,0.064531535,0.08839645,0.10892344,0.109446526,0.1378663,0.10281364,0.07967772,0.11438785,0.121226445,0.07692182,0.061342824,0.1185065,0.12023776,0.07458683,0.06289964,0.12272514,0.12122259,0.08573471,0.078341104,0.7430414,0.66867906,0.6087592,0.5695335,0.53667325,0.5373854,0.56455463,0.5799235,0.0,0.5160227,0.54228634,0.53399384,0.4659307,0.48316056,0.49402118,0.47962824,0.43427056,0.4506124,0.449862,0.43459707,closed
1,0,0.052465957,0.09468521,0.12769483,0.15378468,0.1354182,0.17695437,0.14585803,0.12131427,0.1396165,0.17742066,0.13775693,0.112656124,0.14382686,0.17599708,0.13484752,0.10916303,0.14577095,0.17487514,0.14114277,0.12005929,0.6472375,0.60722375,0.56904346,0.54104716,0.529604,0.5228199,0.54105437,0.55236185,0.0,0.49858087,0.5152992,0.52328223,0.47032088,0.47484916,0.48610064,0.48936096,0.44168055,0.45224938,0.45905665,0.4578171,closed
1,0,0.040035848,0.07337762,0.10389455,0.12987436,0.10908349,0.15923452,0.1440058,0.12568551,0.11379102,0.13967371,0.09981548,0.080396645,0.11911893,0.14012425,0.09636793,0.07851696,0.12396006,0.13345547,0.099310674,0.08724778,0.72012776,0.63380134,0.58005524,0.5521371,0.5459291,0.5287905,0.53618747,0.54319197,0.0,0.49729544,0.5118295,0.5176241,0.46136954,0.4672571,0.475376,0.47638947,0.42848262,0.43806922,0.4386814,0.43328637,closed
1,0,0.039082814,0.078255534,0.111628614,0.13794732,0.1142575,0.14523202,0.10611119,0.08963054,0.12161392,0.15172774,0.10429726,0.09189806,0.12756036,0.1523492,0.10442323,0.09067743,0.13242418,0.14700149,0.110894546,0.10088788,0.68694973,0.6204256,0.58259296,0.56166416,0.5384628,0.52590925,0.54191023,0.5502069,0.0,0.49732625,0.5115744,0.5141628,0.46655294,0.47018296,0.47606638,0.4767583,0.43698153,0.44498706,0.4463457,0.44308072,closed
1,0,0.03516886,0.06812276,0.09893071,0.12471192,0.10416399,0.1335775,0.097221024,0.08149196,0.10782152,0.13046658,0.08552484,0.077201866,0.1123131,0.13252153,0.085970856,0.07590283,0.11906586,0.1336164,0.097425625,0.085574485,0.7489875,0.65572673,0.5969766,0.5703328,0.54016244,0.5314953,0.5477019,0.5548064,0.0,0.49978405,0.513686,0.5180383,0.46468076,0.46838748,0.4715278,0.47409192,0.43226814,0.44147015,0.43901205,0.4375042,closed
1,0,0.04140435,0.07104135,0.103004046,0.12995195,0.09768758,0.12833098,0.08949107,0.079413764,0.10208338,0.12651178,0.07860385,0.07935886,0.10779739,0.12815575,0.08066177,0.079661824,0.11745629,0.12888022,0.09359815,0.09003297,0.7488838,0.65249217,0.58708656,0.5556024,0.54717,0.5256745,0.54881835,0.5544164,0.0,0.49226165,0.51549804,0.5168614,0.46079847,0.46149603,0.4700864,0.4705159,0.4271547,0.4350361,0.4344112,0.4310705,closed
1,0,0.055826847,0.08810976,0.10162316,0.106742345,0.08310561,0.10738431,0.0819204,0.07106378,0.081916556,0.10791356,0.06987268,0.06131197,0.0890347,0.11094885,0.06617973,0.05754356,0.10429589,0.10969529,0.07522737,0.0705841,0.72815454,0.6770153,0.61407876,0.5582804,0.5587471,0.54852086,0.5868011,0.5938333,0.0,0.5076322,0.54732394,0.5314425,0.4457075,0.46478087,0.4870689,0.4672897,0.39934582,0.42757896,0.4350508,0.41651347,closed
1,0,0.04908806,0.08934276,0.113005206,0.12479408,0.10320495,0.13338163,0.10938479,0.09524624,0.10303534,0.1362188,0.10514977,0.091213495,0.110212415,0.13983658,0.10714393,0.091395445,0.11967566,0.1433823,0.117126666,0.10211064,0.64785206,0.6072203,0.5606277,0.5163934,0.55009353,0.5167348,0.5270521,0.54011095,0.0,0.4791945,0.48659185,0.49631053,0.45173693,0.44643858,0.44983384,0.45794913,0.41358438,0.41751045,0.4190195,0.4217427,closed
1,0,0.048927322,0.08701194,0.115106426,0.13016947,0.12104061,0.16237916,0.14412978,0.123473115,0.12521946,0.16135539,0.13459773,0.11075548,0.12778483,0.1531135,0.1251129,0.1042947,0.12598552,0.14451435,0.12090718,0.102121666,0.6535223,0.6045842,0.55819416,0.5360077,0.53425413,0.5297651,0.5380809,0.5394343,0.0,0.5061152,0.51358354,0.51373583,0.47007316,0.48736128,0.49267805,0.48839432,0.4426986,0.46731448,0.4738009,0.46990037,closed
1,0,0.041373197,0.081498265,0.11343428,0.13749243,0.10852165,0.14440373,0.11469343,0.09463175,0.112740286,0.14403875,0.10804815,0.089848936,0.11762494,0.14323777,0.1055672,0.087735996,0.12255375,0.13800539,0.106774844,0.090372205,0.66315204,0.61786664,0.5730319,0.5412534,0.5349257,0.52838945,0.5510665,0.56185865,0.0,0.5036778,0.5237302,0.52696824,0.4678653,0.48053542,0.4938709,0.4927165,0.43725112,0.45722166,0.46574566,0.46187314,closed
1,0,0.045181263,0.09121418,0.1313655,0.15902667,0.12649667,0.16012554,0.12548849,0.10095684,0.13137124,0.1600327,0.116902925,0.09542805,0.1356195,0.15500997,0.1125459,0.09341975,0.13797194,0.14905657,0.1140347,0.09808268,0.6602998,0.600674,0.5611675,0.53951263,0.5319037,0.5273995,0.54304457,0.5530081,0.0,0.5041418,0.51917285,0.52177626,0.47124714,0.48354724,0.4935284,0.49095356,0.44452128,0.4627057,0.46953988,0.46424645,closed
1,0,0.038181745,0.08427587,0.1252441,0.14870235,0.119284555,0.15126233,0.10797861,0.09378891,0.12445233,0.14878012,0.09860677,0.0917601,0.12948862,0.14412022,0.092560194,0.08774048,0.13620538,0.13865298,0.0979555,0.092591204,0.6916128,0.6201924,0.5629214,0.5260845,0.53352857,0.5322365,0.55706376,0.55798894,0.0,0.5087643,0.5309504,0.5237324,0.47172818,0.4867338,0.50148785,0.49509317,0.4442667,0.46516842,0.47151762,0.46458068,closed
1,0,0.042125758,0.10496951,0.17778412,0.21610971,0.14276817,0.18102105,0.12714244,0.11766842,0.135387,0.17730628,0.10856256,0.10540274,0.12717412,0.16280079,0.0944954,0.08783443,0.12720652,0.15046199,0.100865886,0.09104367,0.74933094,0.5964597,0.54191744,0.5218744,0.52888095,0.5168583,0.5358137,0.53844255,0.0,0.4973768,0.5189512,0.51535755,0.47337556,0.47505012,0.4879542,0.48398042,0.44302204,0.4506357,0.4486463,0.44160208,closed
1,0,0.04834574,0.120158724,0.17693415,0.21263799,0.19978479,0.2638786,0.28000408,0.2877463,0.20279546,0.20435426,0.15383056,0.12189139,0.19458428,0.17192848,0.12017593,0.09183988,0.17819476,0.15706815,0.11456029,0.09199892,0.6376993,0.5852054,0.55702734,0.53682905,0.52340657,0.5224957,0.5280759,0.53144336,0.0,0.5150439,0.530503,0.53961235,0.47858024,0.49832237,0.50945556,0.5110743,0.45600244,0.4731811,0.4803237,0.47580007,closed
1,0,0.05365587,0.11428187,0.17309779,0.21591118,0.15924005,0.23326316,0.20495105,0.17061865,0.16267362,0.2215075,0.19285429,0.16139872,0.16299601,0.21024026,0.18431202,0.15410228,0.16201676,0.20877069,0.1886337,0.16149482,0.63117546,0.5779242,0.54556435,0.52406865,0.5280689,0.5132891,0.5218275,0.52867955,0.0,0.49712148,0.50428706,0.5064283,0.4739609,0.4798335,0.4845725,0.48372558,0.45029435,0.4609165,0.4640359,0.4608759,closed
1,0,0.04253487,0.0916594,0.13045734,0.16110648,0.17289247,0.1386656,0.105291784,0.08721663,0.17100753,0.11059467,0.07127474,0.05227431,0.15796393,0.09387653,0.06028974,0.042253185,0.14031771,0.09422143,0.06710789,0.052100077,0.63849276,0.6068433,0.58822685,0.576737,0.5289762,0.54984087,0.56912094,0.5798183,0.0,0.51952356,0.5379931,0.5511819,0.47282,0.47741824,0.47496897,0.46875265,0.4429566,0.42954522,0.4162512,0.39920628,closed
1,0,0.038890455,0.0896622,0.14526166,0.18044467,0.12832934,0.16877612,0.121441945,0.104887165,0.12523253,0.16560064,0.10738192,0.09920105,0.1215827,0.15838464,0.100220695,0.089368366,0.12151827,0.14797486,0.10459132,0.091325216,0.6909436,0.59717256,0.5493693,0.5280645,0.52739745,0.5137721,0.5294953,0.536539,0.0,0.49579763,0.51164615,0.5100975,0.47398743,0.47502625,0.48300678,0.48070532,0.44547197,0.453703,0.4529437,0.44756055,closed
1,0,0.04820879,0.105823115,0.15463683,0.18749954,0.1684965,0.24812311,0.2827104,0.30406818,0.15364732,0.19866985,0.13897105,0.09858006,0.13602477,0.16401044,0.10603131,0.07891936,0.117289335,0.13498893,0.092769824,0.07358067,0.642503,0.5876919,0.5540488,0.5324925,0.5222464,0.51371455,0.5154559,0.5164915,0.0,0.50705713,0.5242812,0.5335689,0.4760684,0.494709,0.5096625,0.5109501,0.44417667,0.47257546,0.47996342,0.47201654,closed
1,0,0.070029914,0.14383094,0.20344348,0.24695021,0.19658709,0.2512517,0.19776572,0.16615254,0.1918859,0.24001957,0.17900689,0.15360054,0.18386628,0.21654059,0.15754277,0.13433391,0.1724872,0.19824736,0.1528751,0.13205431,0.57454836,0.5538722,0.53574485,0.5208755,0.5173902,0.5165246,0.53114456,0.5345422,0.0,0.50598466,0.5195515,0.5164278,0.48131344,0.49456632,0.50533617,0.49947888,0.45966786,0.47966018,0.48729366,0.48042902,closed
1,0,0.041102007,0.10532667,0.16228575,0.19999596,0.1617657,0.22588113,0.18654147,0.15287575,0.15449704,0.19161792,0.12912306,0.10415248,0.14454411,0.16700187,0.105631806,0.08636699,0.13435908,0.1517458,0.10423589,0.08648243,0.6280901,0.5774299,0.54853165,0.53003865,0.522874,0.51764405,0.52962023,0.5364154,0.0,0.5079776,0.52457297,0.5219646,0.47485825,0.48999336,0.50183254,0.49551755,0.44624478,0.4678787,0.4738767,0.46549094,closed
1,0,0.046505317,0.116204664,0.18278807,0.23289962,0.17122099,0.22352675,0.1994847,0.19097558,0.16759093,0.19853954,0.13320093,0.111713395,0.15760192,0.17827205,0.112661295,0.09571563,0.14636734,0.16104345,0.11100151,0.09500593,0.6223248,0.56899095,0.5363633,0.5199359,0.5252647,0.5173446,0.5240858,0.5251257,0.0,0.49776706,0.5114961,0.5176289,0.4754339,0.47759673,0.4852679,0.48845327,0.44691193,0.45524392,0.45419928,0.45256388,closed
1,0,0.036667563,0.10121607,0.16577543,0.21131271,0.1674131,0.17159034,0.108431295,0.096239634,0.16135162,0.15357558,0.087145306,0.08061742,0.15053137,0.13617909,0.07483038,0.06992831,0.1398001,0.12480323,0.07523999,0.06430607,0.683429,0.5987599,0.55663496,0.53355575,0.5274035,0.5272525,0.54429954,0.54477495,0.0,0.5031453,0.5143426,0.5095758,0.47420344,0.4744929,0.4701831,0.47021016,0.44545013,0.44216776,0.4230975,0.4187334,closed
1,0,0.031133305,0.07982119,0.13300502,0.17391714,0.14849178,0.12901798,0.08203895,0.08236681,0.15055639,0.10855725,0.051198117,0.05907375,0.14043151,0.09383131,0.041522246,0.04840744,0.12727298,0.08720664,0.0504709,0.04804586,0.704665,0.6021169,0.56113905,0.53861636,0.52993363,0.53411406,0.5510783,0.54853463,0.0,0.50127286,0.52284116,0.52338725,0.4721279,0.4582392,0.4469518,0.46674484,0.44086742,0.40954223,0.37038302,0.38536897,closed
1,0,0.07635515,0.15749712,0.21795146,0.24082652,0.203739,0.27057737,0.2171469,0.19367531,0.18854429,0.23855698,0.17892483,0.16903691,0.1714426,0.21756832,0.16321626,0.1539784,0.15317352,0.19312374,0.15340684,0.13829696,0.56056666,0.53916544,0.519553,0.5037011,0.51604766,0.5086472,0.51284057,0.51424384,0.0,0.49605387,0.49983603,0.5012444,0.48047796,0.48372582,0.48564446,0.48609847,0.4563511,0.4687297,0.47038868,0.46811435,closed
1,0,0.05709944,0.12137319,0.16515407,0.18938509,0.17435418,0.22822195,0.23353922,0.24033022,0.16830683,0.1950864,0.15843366,0.13852932,0.15611413,0.1724635,0.13909915,0.11849971,0.13959797,0.14860862,0.12085222,0.103277646,0.5396849,0.5278843,0.51423347,0.50133175,0.514324,0.501693,0.4996791,0.4997847,0.0,0.48470277,0.48507825,0.49402434,0.4830284,0.4708216,0.46946016,0.4767285,0.46322498,0.4557162,0.4529958,0.4573049,closed
1,0,0.041330263,0.097308174,0.14290619,0.170874,0.13565035,0.17388542,0.14484239,0.12300097,0.12527499,0.1715615,0.14767423,0.12699145,0.10909025,0.16056955,0.1445139,0.12758501,0.09018035,0.12949273,0.13744384,0.14096335,0.4702429,0.4882723,0.4900546,0.48537052,0.5080158,0.47773415,0.46710324,0.46688262,0.0,0.46948218,0.46002784,0.463474,0.48708266,0.46539354,0.4565714,0.45911005,0.46966732,0.46599513,0.46512222,0.46904975,closed
1,0,0.05029202,0.10635655,0.15336818,0.18522234,0.14295065,0.16031015,0.14139837,0.12878677,0.124102734,0.1355155,0.11970867,0.11138634,0.10054932,0.10627094,0.095665485,0.08920939,0.07791654,0.084686436,0.07631523,0.07132516,0.40891498,0.4416526,0.45472065,0.45696732,0.48606116,0.46651876,0.4563355,0.4538489,0.0,0.47664052,0.466817,0.46615723,0.5140178,0.48615885,0.47538015,0.4759318,0.53379637,0.51270396,0.5021435,0.50161636,closed
1,0,0.040903714,0.088131726,0.13009383,0.16404034,0.13732922,0.15308957,0.13443518,0.12217222,0.119524926,0.12821287,0.114882216,0.111299776,0.094524324,0.09975005,0.09213281,0.091865644,0.06728416,0.07052669,0.06193817,0.05990809,0.38770398,0.4250021,0.44032165,0.44620427,0.48477662,0.46502197,0.45660037,0.456589,0.0,0.47606206,0.46807215,0.46964955,0.51686585,0.48996016,0.48032588,0.48130256,0.54378676,0.5309137,0.5245213,0.5257809,closed
1,0,0.032335687,0.08737215,0.13405463,0.17243828,0.108184,0.12125,0.12752038,0.13438535,0.09584075,0.11452638,0.119872,0.124811456,0.08113122,0.09946892,0.10659503,0.11407707,0.06454383,0.084003896,0.09203637,0.09971435,0.44019303,0.466941,0.47435692,0.47802567,0.5087811,0.5045985,0.5021486,0.5033607,0.0,0.48850352,0.48290002,0.48154956,0.48592338,0.4712213,0.4652904,0.46497566,0.46419227,0.4589633,0.45450032,0.4532605,closed
1,0,0.049846478,0.108021505,0.15204646,0.18478812,0.15068512,0.19214098,0.15251741,0.1337943,0.14011262,0.17951828,0.13809586,0.12803704,0.1261241,0.16088128,0.12382914,0.11316005,0.11035004,0.13652834,0.11232758,0.10210011,0.5660398,0.5472347,0.52666575,0.5148537,0.5195676,0.5076586,0.5088455,0.5140754,0.0,0.49177462,0.49025816,0.49657708,0.4787561,0.4746477,0.47079998,0.4786799,0.45417914,0.45684752,0.4517965,0.45544645,closed
1,0,0.045638334,0.096964955,0.13889576,0.16935399,0.1480018,0.18296355,0.1564657,0.13465206,0.13936149,0.17590459,0.14450382,0.13035686,0.12648866,0.15855722,0.13357645,0.12042483,0.11018812,0.13635904,0.12043409,0.10830163,0.5596012,0.54317236,0.52302593,0.5101211,0.5178091,0.5063622,0.49910688,0.49739814,0.0,0.4918121,0.48364678,0.48429218,0.4804511,0.47568238,0.4674412,0.46940434,0.45787227,0.4596541,0.45260674,0.45279863,closed
1,0,0.045664083,0.08906667,0.1219838,0.14704569,0.13870715,0.17526618,0.1569896,0.13124084,0.13344748,0.17198478,0.14839055,0.12784864,0.123980865,0.15871617,0.14163512,0.12201911,0.108947605,0.13944638,0.12925784,0.11300681,0.5515953,0.5401864,0.5224275,0.5086959,0.5144196,0.50286096,0.48960048,0.4815917,0.0,0.49108514,0.4759472,0.4689582,0.48451367,0.48030338,0.46546635,0.45840093,0.46603954,0.46669385,0.45554745,0.44968897,closed
1,0,0.04904153,0.08689837,0.11593901,0.13604626,0.13081382,0.15988386,0.13450986,0.112646066,0.1295017,0.16310973,0.13460647,0.110255755,0.12236025,0.15898415,0.1335836,0.10940578,0.10918673,0.1413572,0.12861274,0.11122688,0.41604668,0.44796398,0.4672139,0.4765844,0.4934445,0.47680348,0.45270863,0.4380775,0.0,0.47930527,0.45466423,0.44256586,0.50315994,0.48346826,0.45908716,0.44568565,0.5048854,0.48497945,0.4636278,0.4498578,closed
1,0,0.035984866,0.071851045,0.10412428,0.1273638,0.11574191,0.14619108,0.1257043,0.10506006,0.11241252,0.14424127,0.11838822,0.097601436,0.1052469,0.13223174,0.1133387,0.09428491,0.09396538,0.118308745,0.10655636,0.09029178,0.5350702,0.53049546,0.51890737,0.5065221,0.51297355,0.49816614,0.4811407,0.47144744,0.0,0.4878127,0.46969208,0.463601,0.4871674,0.4782,0.46153393,0.4549894,0.47377372,0.4697896,0.45699522,0.4514451,closed
1,0,0.031701628,0.06318001,0.090351015,0.108418815,0.07712368,0.108722925,0.10810641,0.10214347,0.07210103,0.10450885,0.10455858,0.099915646,0.06541644,0.09180623,0.09631752,0.095980994,0.05553906,0.077939704,0.08599634,0.08958077,0.43337068,0.48613805,0.506675,0.51091903,0.49125335,0.5034443,0.49625933,0.49178216,0.0,0.5152048,0.5059129,0.49857152,0.5067298,0.52236515,0.51304656,0.50761306,0.5103981,0.52854097,0.52573305,0.5246698,closed
1,0,0.026332827,0.055572096,0.08240463,0.10206626,0.0820874,0.10866654,0.09162659,0.077464074,0.08082779,0.10686494,0.08968136,0.07642841,0.07316242,0.09760058,0.084305115,0.07265842,0.06295416,0.08292951,0.07734562,0.06890957,0.37990156,0.44453275,0.4623537,0.46465793,0.49285096,0.47259763,0.44688004,0.43864024,0.0,0.4774583,0.4520019,0.44348645,0.4971183,0.4793423,0.45553297,0.4475458,0.4871424,0.4778459,0.4613916,0.45652035,closed
1,0,0.021130487,0.054125648,0.08267687,0.10438047,0.08245181,0.107275985,0.086530715,0.07063764,0.08128459,0.10266747,0.08119939,0.06627496,0.07480203,0.09153836,0.075120814,0.061214127,0.06797081,0.083906785,0.0729101,0.060637925,0.4332561,0.46711075,0.47339076,0.47398776,0.50144964,0.47388864,0.44670856,0.43552178,0.0,0.47106862,0.44132465,0.42797422,0.4925572,0.46804976,0.44033802,0.42717576,0.48374316,0.46710458,0.4455163,0.43395084,closed
1,0,0.02511595,0.058095895,0.08382321,0.103779994,0.085060425,0.10711282,0.0856322,0.069424,0.07816551,0.09751471,0.07507731,0.06252663,0.06800045,0.08438109,0.06659564,0.055112273,0.057173505,0.072012775,0.061876636,0.052975126,0.48089463,0.48591298,0.48243007,0.480583,0.5085418,0.480535,0.45633572,0.44792166,0.0,0.46888167,0.440896,0.43700725,0.4858763,0.459568,0.43373412,0.43009025,0.46976143,0.45286468,0.4340327,0.4314871,closed
1,0,0.030472005,0.06373714,0.08807213,0.10682705,0.08231208,0.1104016,0.12751377,0.13731594,0.07277583,0.10520259,0.123012565,0.13542458,0.057373643,0.089203104,0.11024459,0.126804,0.038164712,0.05821452,0.078622214,0.09758161,0.48548326,0.51525337,0.5288602,0.53567314,0.51246953,0.5184952,0.5151666,0.50725603,0.0,0.5154473,0.5110175,0.50275755,0.47972023,0.515116,0.52133834,0.5214562,0.43485335,0.51299787,0.53544587,0.5456338,closed
1,0,0.047782063,0.090683125,0.11815253,0.13660532,0.10316971,0.131574,0.11660496,0.1005844,0.09167537,0.11772354,0.10163291,0.08500165,0.07788457,0.10144572,0.085509814,0.071169086,0.06278223,0.08151479,0.069707446,0.059388522,0.5464551,0.5336949,0.5242718,0.5163061,0.5160505,0.51035315,0.5144747,0.51616144,0.0,0.49862918,0.5028562,0.5034385,0.4765954,0.48371702,0.48678452,0.48521173,0.44204816,0.46295735,0.46555677,0.45998317,closed
1,0,0.032563716,0.07170618,0.097636,0.11098478,0.09223692,0.11526338,0.09759355,0.07856818,0.080748744,0.10033202,0.07689096,0.060237695,0.068485424,0.08457359,0.06336603,0.050287645,0.05691383,0.07122254,0.056901015,0.04748234,0.5878575,0.5621412,0.54205376,0.5228017,0.5261106,0.5170101,0.51940686,0.52678394,0.0,0.49423033,0.49835426,0.5055566,0.4666071,0.46944153,0.46775195,0.46650758,0.41887197,0.4347834,0.42783067,0.42153016,closed
0,1,0.06605756,0.15000978,0.20841138,0.24178891,0.1874861,0.22887227,0.17611036,0.15739688,0.16294697,0.2015215,0.14347477,0.14129438,0.13726662,0.17054321,0.11819687,0.11650493,0.11510263,0.1408752,0.10366177,0.09548288,0.5900975,0.5548943,0.5348703,0.52194166,0.5208076,0.51000464,0.51851445,0.52340436,0.0,0.4916614,0.50231874,0.5071563,0.4727732,0.4685639,0.47501978,0.48211613,0.43326396,0.44040808,0.439205,0.44150203,closed
0,1,0.06520327,0.14282933,0.19319274,0.2199066,0.1761667,0.21444722,0.17254664,0.15223972,0.15528587,0.18429063,0.13656095,0.12446472,0.13115509,0.15482506,0.10865149,0.09712562,0.10608345,0.12855458,0.09363726,0.0820022,0.57893986,0.5533517,0.5345205,0.52050996,0.51814103,0.5140848,0.5236541,0.5305259,0.0,0.49859434,0.5110606,0.51835,0.4760799,0.48016295,0.48948464,0.49562445,0.43931302,0.45493233,0.4573971,0.45766488,closed
1,0,0.022154456,0.042526387,0.057941534,0.069647364,0.03138427,0.043205164,0.052588683,0.05532783,0.02399841,0.03056796,0.043320775,0.04775836,0.02670892,0.011961999,0.025353398,0.03183257,0.033500355,0.008462754,0.012433779,0.018165456,0.7376685,0.7144436,0.7076656,0.70224893,0.6120659,0.74319863,0.7885562,0.80851763,0.0,0.7735696,0.8238464,0.8465041,0.39599535,0.7991515,0.85938036,0.87947196,0.33312526,0.2109077,0.98007464,0.9521604,closed
1,0,0.063940324,0.118546866,0.1545922,0.16886272,0.14140694,0.17640118,0.14554976,0.12628087,0.13128254,0.16354398,0.12589169,0.10924606,0.117691524,0.1444859,0.11115188,0.09725808,0.102415,0.12493,0.10017544,0.087564975,0.5781842,0.5610329,0.5450599,0.5296177,0.5160729,0.52032113,0.533175,0.5341771,0.0,0.5106502,0.52392304,0.51662135,0.48082614,0.49664447,0.5079684,0.49887708,0.45592812,0.4801515,0.49046838,0.48159257,closed
1,0,0.039625227,0.07609174,0.1019529,0.1199387,0.116967626,0.150538,0.1318974,0.112591214,0.11591536,0.14804858,0.12191825,0.10185793,0.1114812,0.13979912,0.114530995,0.09463336,0.1046595,0.14138764,0.14832047,0.15271196,0.56842214,0.5540274,0.53916246,0.5256586,0.5187692,0.5148654,0.52169704,0.5257341,0.0,0.50171065,0.5076859,0.50953823,0.47981066,0.48632827,0.4883896,0.48650113,0.4556057,0.4631613,0.46587193,0.46671286,closed
1,0,0.05274091,0.09363108,0.11912477,0.13563976,0.12608175,0.14426099,0.120528676,0.10233635,0.11753196,0.13332613,0.1073433,0.0883942,0.10388293,0.11259816,0.09000224,0.075550705,0.08724485,0.09362536,0.07736725,0.06589999,0.5758888,0.5566528,0.54453343,0.5381755,0.51426554,0.5385806,0.55332446,0.5547182,0.0,0.53046477,0.5458246,0.54488444,0.48533612,0.52199477,0.5372026,0.53142035,0.46896622,0.50897646,0.5235814,0.5169113,closed
1,0,0.021296285,0.04904747,0.071291804,0.089926004,0.07643792,0.103792034,0.124370605,0.13801727,0.0830138,0.11790727,0.14187314,0.1604328,0.08753747,0.1206987,0.14527094,0.16473283,0.09075229,0.11998008,0.141632,0.15890278,0.62025374,0.5798301,0.5757032,0.5729611,0.5127168,0.51514256,0.51824385,0.5215078,0.0,0.5024345,0.50776935,0.5123228,0.4894533,0.49062964,0.49552858,0.49917856,0.47998968,0.48243764,0.48802575,0.4928219,closed
1,0,0.03177725,0.05152212,0.06884989,0.08224227,0.05608718,0.07361973,0.052849587,0.04556216,0.0566187,0.07429443,0.04616341,0.04130035,0.05988518,0.075173914,0.045340363,0.039510075,0.06806144,0.07808548,0.054820843,0.048255946,0.76809615,0.67576253,0.59917885,0.55918145,0.55529445,0.53514904,0.5707068,0.58348715,0.0,0.49850714,0.5333992,0.5318266,0.45501617,0.4621586,0.4799669,0.47584194,0.41445133,0.42830506,0.42926952,0.42161867,closed
1,0,0.036368493,0.06089944,0.081043884,0.09900978,0.062389366,0.08962552,0.088516355,0.08221961,0.05895726,0.08971066,0.08056744,0.06781912,0.062034093,0.08924169,0.07882657,0.0656032,0.06918741,0.085742965,0.07728814,0.066859804,0.6681263,0.6060023,0.545928,0.50703853,0.56123257,0.5082006,0.5011919,0.50050145,0.0,0.47387996,0.47406304,0.4750908,0.4416137,0.4442515,0.44444895,0.44369406,0.3977702,0.41724223,0.4173819,0.41369298,closed
1,0,0.031935643,0.059607174,0.08031841,0.09538104,0.08465205,0.12217474,0.13821264,0.14588694,0.08726408,0.13821329,0.14946534,0.15150265,0.09198273,0.14058504,0.14902961,0.14905252,0.09851987,0.13520005,0.14042361,0.13990815,0.6447144,0.608322,0.56980056,0.5320142,0.5437172,0.483801,0.45824826,0.44381702,0.0,0.44038582,0.4236901,0.4155605,0.45802978,0.42319077,0.41077697,0.40462217,0.42095008,0.4075087,0.4004073,0.39696595,closed
1,0,0.045270786,0.07594056,0.09473903,0.10761135,0.08316908,0.1060648,0.08739848,0.07049786,0.0880731,0.108834915,0.08385311,0.06367172,0.09561897,0.10836921,0.08275932,0.063426,0.10263625,0.10840461,0.08827013,0.073454276,0.6939339,0.6648665,0.620407,0.5802554,0.54232746,0.54796994,0.5691856,0.5842717,0.0,0.5177017,0.5373057,0.5475407,0.46430346,0.49517688,0.5095437,0.5116406,0.43444815,0.46588606,0.47865883,0.47608814,closed
1,0,0.049386777,0.08528333,0.10897715,0.11994615,0.1048153,0.13631485,0.14137232,0.14877386,0.106802955,0.12241562,0.098701224,0.08540058,0.11219099,0.11567689,0.09082761,0.079568766,0.11894903,0.115205936,0.092012055,0.080689356,0.6664184,0.62055045,0.57350147,0.5479867,0.54626983,0.5544186,0.5626884,0.5581703,0.0,0.52411944,0.5352489,0.52882046,0.46005878,0.49581784,0.5042979,0.49450472,0.42491472,0.46004096,0.46953094,0.46255863,closed
1,0,0.053409733,0.095008016,0.12328568,0.13769321,0.13166992,0.1654943,0.13997257,0.12698947,0.13303328,0.14734745,0.117891006,0.10817412,0.13145493,0.13339804,0.104044735,0.09699379,0.12878805,0.1214141,0.096542664,0.09259267,0.66763824,0.6064722,0.5695171,0.5468885,0.5232131,0.5250873,0.5349822,0.5321304,0.0,0.52042574,0.5348767,0.5275067,0.47750205,0.5118585,0.52542144,0.5173644,0.4556518,0.49648476,0.50712115,0.4963829,closed
1,0,0.042146027,0.07120499,0.09231588,0.10622002,0.10413301,0.108287595,0.08343196,0.076719366,0.11061871,0.10505848,0.077987954,0.07115894,0.110412836,0.10065934,0.06996316,0.06263804,0.10640859,0.0949001,0.069675,0.06245508,0.73767537,0.67879397,0.63112867,0.6042836,0.5225579,0.5795783,0.6130566,0.6051228,0.0,0.56114715,0.5960715,0.58983856,0.48599657,0.5432792,0.57595974,0.5651348,0.4749573,0.5230431,0.54736584,0.5382859,closed
1,0,0.03865685,0.06812306,0.0889484,0.10005983,0.078142166,0.098322675,0.06793705,0.06254966,0.077391945,0.0956632,0.05609816,0.053910714,0.08043969,0.095505804,0.052129135,0.048164986,0.08780893,0.09411106,0.05822046,0.054097854,0.78619504,0.68544203,0.59754014,0.54425466,0.5473388,0.5402816,0.5750347,0.56504476,0.0,0.5026473,0.53091955,0.5174728,0.45925272,0.46586967,0.48023233,0.4732244,0.4226523,0.4330964,0.4319252,0.42769358,closed
1,0,0.04525982,0.07197862,0.08276534,0.08301562,0.06559987,0.09292111,0.105307914,0.11305385,0.06278543,0.08165064,0.0749904,0.06975078,0.063181825,0.08119993,0.06719941,0.056767344,0.06396582,0.07671845,0.06460645,0.056280233,0.76261085,0.6932745,0.6407554,0.6013213,0.5684684,0.5400703,0.52629673,0.5153892,0.0,0.49436194,0.49455315,0.48740813,0.44508234,0.45220765,0.45136023,0.4437266,0.40022168,0.40947428,0.4041372,0.39294028,closed
1,0,0.033999685,0.07668281,0.11490641,0.14331263,0.0965325,0.119089305,0.09940046,0.091756836,0.10510313,0.12791535,0.10401196,0.095155954,0.113555014,0.13682547,0.11136227,0.10009776,0.120379105,0.1401038,0.118393816,0.107229196,0.6111309,0.58111507,0.54939437,0.5241013,0.53944546,0.48756444,0.48336074,0.4928741,0.0,0.4667342,0.46469542,0.47426978,0.46980897,0.44921592,0.44638968,0.4545358,0.445601,0.43748215,0.43582913,0.44234774,closed
1,0,0.0289682,0.06297201,0.099590786,0.12852386,0.08745011,0.11620093,0.089038886,0.07492773,0.089104064,0.11481094,0.074504785,0.06793693,0.09393788,0.11501137,0.073314406,0.06322382,0.10059427,0.11727467,0.083044074,0.06762093,0.6727067,0.59630775,0.53810424,0.5067107,0.5436609,0.51804775,0.5215546,0.53183067,0.0,0.47705957,0.48199517,0.50111216,0.46104607,0.44656417,0.44421718,0.46435642,0.42855352,0.42337668,0.41875792,0.43068737,closed
0,1,0.042493787,0.09083041,0.12879571,0.15769888,0.1324422,0.15858506,0.113768145,0.103452004,0.13967091,0.15279587,0.09802078,0.09639778,0.14397945,0.1422317,0.086547464,0.08557149,0.1476149,0.13577196,0.094395965,0.09302066,0.2936084,0.37773088,0.41248655,0.42805234,0.46468335,0.45841515,0.4328427,0.43867388,0.0,0.48412693,0.45936298,0.47451216,0.53012735,0.5096705,0.49325827,0.50983185,0.5578052,0.5353686,0.5297009,0.5439254,closed
1,0,0.04235587,0.08272933,0.12085129,0.15281808,0.12105294,0.17062528,0.13346839,0.10508991,0.12925108,0.17894235,0.13191715,0.10685822,0.1375456,0.19269033,0.14516233,0.116768055,0.1463472,0.18865125,0.15590432,0.1310828,0.7104062,0.6235516,0.5707143,0.5481554,0.53224,0.5233122,0.5433152,0.5550437,0.0,0.50045764,0.51782954,0.5187894,0.4705899,0.4768107,0.4874734,0.48564202,0.44250643,0.45374954,0.46257326,0.46247548,closed
1,0,0.040830053,0.09957648,0.15363765,0.19066456,0.15083268,0.20273411,0.15587063,0.1280693,0.15997706,0.2154051,0.1580393,0.13594283,0.16528417,0.21897003,0.15859015,0.13227284,0.16779956,0.20554669,0.16215284,0.14037189,0.67397904,0.58500487,0.54257166,0.51948696,0.52392715,0.5181955,0.53345287,0.537027,0.0,0.50033665,0.5129868,0.5089796,0.47725007,0.48280993,0.49106956,0.48723447,0.4540077,0.4665707,0.47069675,0.46420178,closed
1,0,0.04773857,0.11720198,0.17010583,0.20155115,0.16941953,0.23111585,0.18697233,0.15702042,0.17275658,0.23578869,0.18108286,0.15696271,0.16960382,0.23153256,0.17577396,0.14863367,0.16131234,0.2113775,0.17276883,0.14725935,0.62333995,0.5652895,0.5388569,0.5280532,0.5189683,0.5134529,0.52630377,0.53040546,0.0,0.50042284,0.5127589,0.5097313,0.48040995,0.48515928,0.4948422,0.49223036,0.45747107,0.47003144,0.47635174,0.4713127,closed
1,0,0.0670267,0.14663921,0.20552716,0.25249407,0.19328798,0.25355175,0.21104105,0.17879291,0.1844545,0.24912159,0.19849347,0.17180647,0.16941883,0.2318322,0.183131,0.15516886,0.1505572,0.20148173,0.16848406,0.14275576,0.5755899,0.5460776,0.53055346,0.52324694,0.5165206,0.5137708,0.5235895,0.5259099,0.0,0.50142825,0.5123428,0.50992775,0.48049936,0.48627332,0.49534848,0.49190855,0.4543864,0.46912652,0.47618678,0.4708975,closed
1,0,0.07109773,0.15310818,0.21598387,0.2568132,0.18758479,0.23392333,0.17961949,0.15963054,0.16850099,0.20438018,0.14460029,0.13820039,0.1453694,0.17147325,0.11691579,0.11400593,0.12446877,0.14115871,0.10455694,0.099613525,0.5901224,0.5578989,0.53877974,0.5269005,0.5197353,0.51908547,0.53044975,0.52904356,0.0,0.5061871,0.5201508,0.5113975,0.4759512,0.48786283,0.49844256,0.48837027,0.44152778,0.46419954,0.46865496,0.45603788,closed
1,0,0.06711077,0.14719787,0.20565116,0.23398684,0.17508943,0.21356435,0.1614496,0.14412034,0.15543729,0.18895489,0.13144447,0.12203096,0.1319394,0.15760139,0.10462319,0.09679584,0.111555085,0.12600328,0.09092884,0.084115535,0.60578144,0.56673175,0.5435796,0.52726924,0.522641,0.52491146,0.5375729,0.5337278,0.0,0.51067525,0.52672607,0.51432997,0.47232813,0.4887974,0.5023045,0.48654753,0.4320272,0.4605816,0.46803203,0.45135415,closed
